DROP DATABASE IF EXISTS seguimiento_proyectos;
-- -- -----------------------------------------------------------------------------------
CREATE DATABASE seguimiento_proyectos DEFAULT CHARACTER SET latin1 COLLATE latin1_bin;
USE seguimiento_proyectos;
-- ------------------------------------------------------
--  DDL for Table TM_USUARIO
-- ------------------------------------------------------
CREATE TABLE TM_USUARIO(
	CODIGO_USUARIO VARCHAR(30) PRIMARY KEY, 
	NOMBRES_USUARIO VARCHAR(150), 
	APELLIDOS_USUARIO VARCHAR(150), 
	NACIMIENTO_USUARIO DATE, 
	PASSWORD_USUARIO VARCHAR(32)
);
-- ------------------------------------------------------
--  DDL for Table TM_PROYECTO
-- ------------------------------------------------------
CREATE TABLE TM_PROYECTO(
	CODIGO_PROYECTO INT(7) PRIMARY KEY,
	NOMBRE_PROYECTO VARCHAR(150), 
	DESCRIPCION_PROYECTO VARCHAR(255), 
	INICIO_PROYECTO DATE, 
	FIN_PROYECTO DATE, 
	RESPONSABLE_PROYECTO VARCHAR(30)
);
-- ------------------------------------------------------
--  DDL for Table TM_TAREA
-- ------------------------------------------------------
CREATE TABLE TM_TAREA(
	CODIGO_TAREA INT(7) PRIMARY KEY,
	NOMBRE_TAREA VARCHAR(150), 
	DESCRIPCION_TAREA VARCHAR(255), 
	CODIGO_PROYECTO INT(7)
);
-- ------------------------------------------------------
--  DDL for Table TM_RESPONSABLE
-- ------------------------------------------------------
CREATE TABLE TM_RESPONSABLE(
	CODIGO_RESPONSABLE INT(7) PRIMARY KEY,
	CODIGO_TAREA INT(7),
	CODIGO_USUARIO VARCHAR(30)
);

Insert into TM_PROYECTO (CODIGO_PROYECTO,NOMBRE_PROYECTO,DESCRIPCION_PROYECTO,INICIO_PROYECTO,FIN_PROYECTO,RESPONSABLE_PROYECTO) values (101,'E. Sorto','San Miguel','01/01/80','31/01/87','It큦 me, Mario!');
Insert into TM_PROYECTO (CODIGO_PROYECTO,NOMBRE_PROYECTO,DESCRIPCION_PROYECTO,INICIO_PROYECTO,FIN_PROYECTO,RESPONSABLE_PROYECTO) values (102,'S. Monjaras','San Juan Tepezontes','01/04/84','30/03/87','Titiushko');
Insert into TM_PROYECTO (CODIGO_PROYECTO,NOMBRE_PROYECTO,DESCRIPCION_PROYECTO,INICIO_PROYECTO,FIN_PROYECTO,RESPONSABLE_PROYECTO) values (103,'Q. Gonzalez','Sonsonate','01/06/81','29/07/81','Alejandro');
Insert into TM_PROYECTO (CODIGO_PROYECTO,NOMBRE_PROYECTO,DESCRIPCION_PROYECTO,INICIO_PROYECTO,FIN_PROYECTO,RESPONSABLE_PROYECTO) values (104,'S. Alegria','Atiquizaya','01/09/85','29/06/91','Erick');
Insert into TM_PROYECTO (CODIGO_PROYECTO,NOMBRE_PROYECTO,DESCRIPCION_PROYECTO,INICIO_PROYECTO,FIN_PROYECTO,RESPONSABLE_PROYECTO) values (105,'P. Cruz','Yamabal','01/10/92','29/05/84','Edenilson');
Insert into TM_PROYECTO (CODIGO_PROYECTO,NOMBRE_PROYECTO,DESCRIPCION_PROYECTO,INICIO_PROYECTO,FIN_PROYECTO,RESPONSABLE_PROYECTO) values (106,'D. Pozos','Ahuachapan','01/11/82','29/04/94','Yosely');
Insert into TM_PROYECTO (CODIGO_PROYECTO,NOMBRE_PROYECTO,DESCRIPCION_PROYECTO,INICIO_PROYECTO,FIN_PROYECTO,RESPONSABLE_PROYECTO) values (107,'A. Gutierrez','Torola','01/12/89','28/12/82','Marvin');
Insert into TM_PROYECTO (CODIGO_PROYECTO,NOMBRE_PROYECTO,DESCRIPCION_PROYECTO,INICIO_PROYECTO,FIN_PROYECTO,RESPONSABLE_PROYECTO) values (108,'A. Sorto','Apastepeque','02/07/88','28/11/92','Erika');
Insert into TM_PROYECTO (CODIGO_PROYECTO,NOMBRE_PROYECTO,DESCRIPCION_PROYECTO,INICIO_PROYECTO,FIN_PROYECTO,RESPONSABLE_PROYECTO) values (109,'X. Urbina','San Julian','02/08/95','28/10/85','Daniel');
Insert into TM_PROYECTO (CODIGO_PROYECTO,NOMBRE_PROYECTO,DESCRIPCION_PROYECTO,INICIO_PROYECTO,FIN_PROYECTO,RESPONSABLE_PROYECTO) values (110,'K. Galdamez','San Antonio Masahuat','03/03/94','28/08/88','Daniel');
Insert into TM_PROYECTO (CODIGO_PROYECTO,NOMBRE_PROYECTO,DESCRIPCION_PROYECTO,INICIO_PROYECTO,FIN_PROYECTO,RESPONSABLE_PROYECTO) values (111,'H. Reyes','Paraiso de Osorio','03/05/91','28/01/90','Claudia');
Insert into TM_PROYECTO (CODIGO_PROYECTO,NOMBRE_PROYECTO,DESCRIPCION_PROYECTO,INICIO_PROYECTO,FIN_PROYECTO,RESPONSABLE_PROYECTO) values (112,'G. Calderon','Joateca','04/01/94','27/02/80','Karen');
Insert into TM_PROYECTO (CODIGO_PROYECTO,NOMBRE_PROYECTO,DESCRIPCION_PROYECTO,INICIO_PROYECTO,FIN_PROYECTO,RESPONSABLE_PROYECTO) values (113,'C. Alvarado','San Vicente','04/02/84','26/08/91','Garcia');
Insert into TM_PROYECTO (CODIGO_PROYECTO,NOMBRE_PROYECTO,DESCRIPCION_PROYECTO,INICIO_PROYECTO,FIN_PROYECTO,RESPONSABLE_PROYECTO) values (114,'O. Duarte','San Vicente','04/09/82','26/06/94','It큦 me, Mario!');
Insert into TM_PROYECTO (CODIGO_PROYECTO,NOMBRE_PROYECTO,DESCRIPCION_PROYECTO,INICIO_PROYECTO,FIN_PROYECTO,RESPONSABLE_PROYECTO) values (115,'K. Molina','Santa Ana','05/04/81','26/05/87','Sandra');
Insert into TM_PROYECTO (CODIGO_PROYECTO,NOMBRE_PROYECTO,DESCRIPCION_PROYECTO,INICIO_PROYECTO,FIN_PROYECTO,RESPONSABLE_PROYECTO) values (116,'J. Ponce','Cuisnahuat','05/05/88','26/03/90','Ivette');
Insert into TM_PROYECTO (CODIGO_PROYECTO,NOMBRE_PROYECTO,DESCRIPCION_PROYECTO,INICIO_PROYECTO,FIN_PROYECTO,RESPONSABLE_PROYECTO) values (117,'E. Lozano','Concepcion Quezaltepeque','05/07/85','25/12/85','Josue');
Insert into TM_PROYECTO (CODIGO_PROYECTO,NOMBRE_PROYECTO,DESCRIPCION_PROYECTO,INICIO_PROYECTO,FIN_PROYECTO,RESPONSABLE_PROYECTO) values (118,'P. Mendoza','El Congo','05/08/92','25/10/88','Titiushko');
Insert into TM_PROYECTO (CODIGO_PROYECTO,NOMBRE_PROYECTO,DESCRIPCION_PROYECTO,INICIO_PROYECTO,FIN_PROYECTO,RESPONSABLE_PROYECTO) values (119,'K. Perez','Morazan','05/10/89','25/07/84','Grissel');
Insert into TM_PROYECTO (CODIGO_PROYECTO,NOMBRE_PROYECTO,DESCRIPCION_PROYECTO,INICIO_PROYECTO,FIN_PROYECTO,RESPONSABLE_PROYECTO) values (120,'I. Perez','Ojos de Agua','05/12/86','25/04/80','Tatiana');
Insert into TM_PROYECTO (CODIGO_PROYECTO,NOMBRE_PROYECTO,DESCRIPCION_PROYECTO,INICIO_PROYECTO,FIN_PROYECTO,RESPONSABLE_PROYECTO) values (121,'C. Galdamez','La Union','06/02/81','24/09/81','Lisbeth');
Insert into TM_PROYECTO (CODIGO_PROYECTO,NOMBRE_PROYECTO,DESCRIPCION_PROYECTO,INICIO_PROYECTO,FIN_PROYECTO,RESPONSABLE_PROYECTO) values (122,'N. Duarte','San Miguel','06/03/91','24/02/83','Ivette');
Insert into TM_PROYECTO (CODIGO_PROYECTO,NOMBRE_PROYECTO,DESCRIPCION_PROYECTO,INICIO_PROYECTO,FIN_PROYECTO,RESPONSABLE_PROYECTO) values (123,'H. Duran','Chapeltique','06/06/95','24/01/93','Ingris');
Insert into TM_PROYECTO (CODIGO_PROYECTO,NOMBRE_PROYECTO,DESCRIPCION_PROYECTO,INICIO_PROYECTO,FIN_PROYECTO,RESPONSABLE_PROYECTO) values (124,'E. Brito','Chalatenango','08/01/91','23/07/87','Ingris');
Insert into TM_PROYECTO (CODIGO_PROYECTO,NOMBRE_PROYECTO,DESCRIPCION_PROYECTO,INICIO_PROYECTO,FIN_PROYECTO,RESPONSABLE_PROYECTO) values (125,'X. Mejia','San Buenaventura','08/06/92','23/05/90','Beatriz');
Insert into TM_PROYECTO (CODIGO_PROYECTO,NOMBRE_PROYECTO,DESCRIPCION_PROYECTO,INICIO_PROYECTO,FIN_PROYECTO,RESPONSABLE_PROYECTO) values (126,'H. Flores','Tacuba','08/08/89','23/03/93','Iris');
Insert into TM_PROYECTO (CODIGO_PROYECTO,NOMBRE_PROYECTO,DESCRIPCION_PROYECTO,INICIO_PROYECTO,FIN_PROYECTO,RESPONSABLE_PROYECTO) values (127,'A. Castro','La Union','08/10/86','22/10/91','Kevin');
Insert into TM_PROYECTO (CODIGO_PROYECTO,NOMBRE_PROYECTO,DESCRIPCION_PROYECTO,INICIO_PROYECTO,FIN_PROYECTO,RESPONSABLE_PROYECTO) values (128,'W. Romero','Santa Ana','08/11/93','22/08/94','Maria');
Insert into TM_PROYECTO (CODIGO_PROYECTO,NOMBRE_PROYECTO,DESCRIPCION_PROYECTO,INICIO_PROYECTO,FIN_PROYECTO,RESPONSABLE_PROYECTO) values (129,'P. Calderon','Morazan','08/12/83','22/04/83','Alejandro');
Insert into TM_PROYECTO (CODIGO_PROYECTO,NOMBRE_PROYECTO,DESCRIPCION_PROYECTO,INICIO_PROYECTO,FIN_PROYECTO,RESPONSABLE_PROYECTO) values (130,'Y. Ponce','Aguilares','09/03/88','21/12/88','Xiomara');
Insert into TM_PROYECTO (CODIGO_PROYECTO,NOMBRE_PROYECTO,DESCRIPCION_PROYECTO,INICIO_PROYECTO,FIN_PROYECTO,RESPONSABLE_PROYECTO) values (131,'Q. Hernandez','San Miguel','09/04/95','21/11/81','Vladimir');
Insert into TM_PROYECTO (CODIGO_PROYECTO,NOMBRE_PROYECTO,DESCRIPCION_PROYECTO,INICIO_PROYECTO,FIN_PROYECTO,RESPONSABLE_PROYECTO) values (132,'M. Vega','Morazan','09/05/85','21/09/84','Abigail');
Insert into TM_PROYECTO (CODIGO_PROYECTO,NOMBRE_PROYECTO,DESCRIPCION_PROYECTO,INICIO_PROYECTO,FIN_PROYECTO,RESPONSABLE_PROYECTO) values (133,'E. Bonilla','Chirilagua','09/07/82','21/06/80','Karen');
Insert into TM_PROYECTO (CODIGO_PROYECTO,NOMBRE_PROYECTO,DESCRIPCION_PROYECTO,INICIO_PROYECTO,FIN_PROYECTO,RESPONSABLE_PROYECTO) values (134,'M. Mejia','La Libertad','11/01/88','20/02/86','Yosely');
Insert into TM_PROYECTO (CODIGO_PROYECTO,NOMBRE_PROYECTO,DESCRIPCION_PROYECTO,INICIO_PROYECTO,FIN_PROYECTO,RESPONSABLE_PROYECTO) values (135,'D. Bonilla','Uluazapa','11/02/95','19/12/91','Evelyn');
Insert into TM_PROYECTO (CODIGO_PROYECTO,NOMBRE_PROYECTO,DESCRIPCION_PROYECTO,INICIO_PROYECTO,FIN_PROYECTO,RESPONSABLE_PROYECTO) values (136,'Y. Leon','Jayaque','11/09/93','19/10/94','Rodolfo');
Insert into TM_PROYECTO (CODIGO_PROYECTO,NOMBRE_PROYECTO,DESCRIPCION_PROYECTO,INICIO_PROYECTO,FIN_PROYECTO,RESPONSABLE_PROYECTO) values (137,'P. Henriquez','Caba?as','11/11/90','19/07/90','Iris');
Insert into TM_PROYECTO (CODIGO_PROYECTO,NOMBRE_PROYECTO,DESCRIPCION_PROYECTO,INICIO_PROYECTO,FIN_PROYECTO,RESPONSABLE_PROYECTO) values (138,'W. Perez','San Antonio Masahuat','11/12/80','19/06/83','Alfredo');
Insert into TM_PROYECTO (CODIGO_PROYECTO,NOMBRE_PROYECTO,DESCRIPCION_PROYECTO,INICIO_PROYECTO,FIN_PROYECTO,RESPONSABLE_PROYECTO) values (139,'N. Cabrera','San Luis La Herradura','12/03/85','19/05/93','Carlos');
Insert into TM_PROYECTO (CODIGO_PROYECTO,NOMBRE_PROYECTO,DESCRIPCION_PROYECTO,INICIO_PROYECTO,FIN_PROYECTO,RESPONSABLE_PROYECTO) values (140,'H. Gamez','Cuscatlan','12/04/92','19/04/86','Ana');
Insert into TM_PROYECTO (CODIGO_PROYECTO,NOMBRE_PROYECTO,DESCRIPCION_PROYECTO,INICIO_PROYECTO,FIN_PROYECTO,RESPONSABLE_PROYECTO) values (141,'X. Carrillo','Morazan','12/05/82','18/09/87','Rosa');
Insert into TM_PROYECTO (CODIGO_PROYECTO,NOMBRE_PROYECTO,DESCRIPCION_PROYECTO,INICIO_PROYECTO,FIN_PROYECTO,RESPONSABLE_PROYECTO) values (142,'D. Escobar','Guadalupe','12/06/89','18/08/80','Kevin');
Insert into TM_PROYECTO (CODIGO_PROYECTO,NOMBRE_PROYECTO,DESCRIPCION_PROYECTO,INICIO_PROYECTO,FIN_PROYECTO,RESPONSABLE_PROYECTO) values (143,'T. Martinez','San Ignacio','12/08/86','17/11/84','Ana');
Insert into TM_PROYECTO (CODIGO_PROYECTO,NOMBRE_PROYECTO,DESCRIPCION_PROYECTO,INICIO_PROYECTO,FIN_PROYECTO,RESPONSABLE_PROYECTO) values (144,'M. Molina','El Rosario','12/10/83','17/02/89','Jacqueline');
Insert into TM_PROYECTO (CODIGO_PROYECTO,NOMBRE_PROYECTO,DESCRIPCION_PROYECTO,INICIO_PROYECTO,FIN_PROYECTO,RESPONSABLE_PROYECTO) values (145,'C. Cubas','San Salvador','14/01/85','17/01/82','Yosely');
Insert into TM_PROYECTO (CODIGO_PROYECTO,NOMBRE_PROYECTO,DESCRIPCION_PROYECTO,INICIO_PROYECTO,FIN_PROYECTO,RESPONSABLE_PROYECTO) values (146,'I. Cruz','La Libertad','14/02/92','16/07/93','Garcia');
Insert into TM_PROYECTO (CODIGO_PROYECTO,NOMBRE_PROYECTO,DESCRIPCION_PROYECTO,INICIO_PROYECTO,FIN_PROYECTO,RESPONSABLE_PROYECTO) values (147,'X. Escobar','La Union','14/10/80','16/03/82','It큦 me, Mario!');
Insert into TM_PROYECTO (CODIGO_PROYECTO,NOMBRE_PROYECTO,DESCRIPCION_PROYECTO,INICIO_PROYECTO,FIN_PROYECTO,RESPONSABLE_PROYECTO) values (148,'P. Cornejo','La Union','15/04/89','15/12/94','Carmen');
Insert into TM_PROYECTO (CODIGO_PROYECTO,NOMBRE_PROYECTO,DESCRIPCION_PROYECTO,INICIO_PROYECTO,FIN_PROYECTO,RESPONSABLE_PROYECTO) values (149,'E. Oviedo','Santa Ana','15/06/86','15/11/87','Nestor');
Insert into TM_PROYECTO (CODIGO_PROYECTO,NOMBRE_PROYECTO,DESCRIPCION_PROYECTO,INICIO_PROYECTO,FIN_PROYECTO,RESPONSABLE_PROYECTO) values (150,'I. Medrano','San Miguel','15/08/83','15/09/90','Marlene');
Insert into TM_PROYECTO (CODIGO_PROYECTO,NOMBRE_PROYECTO,DESCRIPCION_PROYECTO,INICIO_PROYECTO,FIN_PROYECTO,RESPONSABLE_PROYECTO) values (151,'X. Hernandez','San Salvador','15/09/90','15/08/83','Carmen');
Insert into TM_PROYECTO (CODIGO_PROYECTO,NOMBRE_PROYECTO,DESCRIPCION_PROYECTO,INICIO_PROYECTO,FIN_PROYECTO,RESPONSABLE_PROYECTO) values (152,'O. Contreras','Sonsonate','15/11/87','15/06/86','Jimmy');
Insert into TM_PROYECTO (CODIGO_PROYECTO,NOMBRE_PROYECTO,DESCRIPCION_PROYECTO,INICIO_PROYECTO,FIN_PROYECTO,RESPONSABLE_PROYECTO) values (153,'C. Medrano','La Laguna','15/12/94','15/04/89','Erika');
Insert into TM_PROYECTO (CODIGO_PROYECTO,NOMBRE_PROYECTO,DESCRIPCION_PROYECTO,INICIO_PROYECTO,FIN_PROYECTO,RESPONSABLE_PROYECTO) values (154,'G. Cornejo','San Vicente','16/03/82','14/10/80','Alexander');
Insert into TM_PROYECTO (CODIGO_PROYECTO,NOMBRE_PROYECTO,DESCRIPCION_PROYECTO,INICIO_PROYECTO,FIN_PROYECTO,RESPONSABLE_PROYECTO) values (155,'T. Vega','Jayaque','16/07/93','14/02/92','Emperatriz');
Insert into TM_PROYECTO (CODIGO_PROYECTO,NOMBRE_PROYECTO,DESCRIPCION_PROYECTO,INICIO_PROYECTO,FIN_PROYECTO,RESPONSABLE_PROYECTO) values (156,'K. Mendoza','Ilobasco','17/01/82','14/01/85','It큦 me, Mario');
Insert into TM_PROYECTO (CODIGO_PROYECTO,NOMBRE_PROYECTO,DESCRIPCION_PROYECTO,INICIO_PROYECTO,FIN_PROYECTO,RESPONSABLE_PROYECTO) values (157,'X. Portillo','San Miguel','17/02/89','12/10/83','Sanchez');
Insert into TM_PROYECTO (CODIGO_PROYECTO,NOMBRE_PROYECTO,DESCRIPCION_PROYECTO,INICIO_PROYECTO,FIN_PROYECTO,RESPONSABLE_PROYECTO) values (158,'A. Duran','Santa Rosa de Lima','17/11/84','12/08/86','Ernesto');
Insert into TM_PROYECTO (CODIGO_PROYECTO,NOMBRE_PROYECTO,DESCRIPCION_PROYECTO,INICIO_PROYECTO,FIN_PROYECTO,RESPONSABLE_PROYECTO) values (159,'N. Sanchez','La Paz','18/08/80','12/06/89','Yosely');
Insert into TM_PROYECTO (CODIGO_PROYECTO,NOMBRE_PROYECTO,DESCRIPCION_PROYECTO,INICIO_PROYECTO,FIN_PROYECTO,RESPONSABLE_PROYECTO) values (160,'D. Flores','San Esteban Catarina','18/09/87','12/05/82','Edenilson');
Insert into TM_PROYECTO (CODIGO_PROYECTO,NOMBRE_PROYECTO,DESCRIPCION_PROYECTO,INICIO_PROYECTO,FIN_PROYECTO,RESPONSABLE_PROYECTO) values (161,'P. Gamez','Teotepeque','19/04/86','12/04/92','Maria');
Insert into TM_PROYECTO (CODIGO_PROYECTO,NOMBRE_PROYECTO,DESCRIPCION_PROYECTO,INICIO_PROYECTO,FIN_PROYECTO,RESPONSABLE_PROYECTO) values (162,'R. Oviedo','San Rafael','19/05/93','12/03/85','It큦 me, Mario!');
Insert into TM_PROYECTO (CODIGO_PROYECTO,NOMBRE_PROYECTO,DESCRIPCION_PROYECTO,INICIO_PROYECTO,FIN_PROYECTO,RESPONSABLE_PROYECTO) values (163,'D. Carrillo','Cuscatlan','19/06/83','11/12/80','Jacqueline');
Insert into TM_PROYECTO (CODIGO_PROYECTO,NOMBRE_PROYECTO,DESCRIPCION_PROYECTO,INICIO_PROYECTO,FIN_PROYECTO,RESPONSABLE_PROYECTO) values (164,'S. Henriquez','San Isidro Labrador','19/07/90','11/11/90','Lisbeth');
Insert into TM_PROYECTO (CODIGO_PROYECTO,NOMBRE_PROYECTO,DESCRIPCION_PROYECTO,INICIO_PROYECTO,FIN_PROYECTO,RESPONSABLE_PROYECTO) values (165,'D. Fernandez','Ahuachapan','19/10/94','11/09/93','Ana');
Insert into TM_PROYECTO (CODIGO_PROYECTO,NOMBRE_PROYECTO,DESCRIPCION_PROYECTO,INICIO_PROYECTO,FIN_PROYECTO,RESPONSABLE_PROYECTO) values (166,'F. Mart?nez','Santa Ana','19/12/91','11/02/95','Abigail');
Insert into TM_PROYECTO (CODIGO_PROYECTO,NOMBRE_PROYECTO,DESCRIPCION_PROYECTO,INICIO_PROYECTO,FIN_PROYECTO,RESPONSABLE_PROYECTO) values (167,'Q. Reyes','San Cayetano Istepeque','20/02/86','11/01/88','Carlos');
Insert into TM_PROYECTO (CODIGO_PROYECTO,NOMBRE_PROYECTO,DESCRIPCION_PROYECTO,INICIO_PROYECTO,FIN_PROYECTO,RESPONSABLE_PROYECTO) values (168,'E. Urbina','Cuscatlan','21/06/80','09/07/82','Rodolfo');
Insert into TM_PROYECTO (CODIGO_PROYECTO,NOMBRE_PROYECTO,DESCRIPCION_PROYECTO,INICIO_PROYECTO,FIN_PROYECTO,RESPONSABLE_PROYECTO) values (169,'P. Orantes','Candelaria','21/09/84','09/05/85','Nestor');
Insert into TM_PROYECTO (CODIGO_PROYECTO,NOMBRE_PROYECTO,DESCRIPCION_PROYECTO,INICIO_PROYECTO,FIN_PROYECTO,RESPONSABLE_PROYECTO) values (170,'P. Oviedo','Usulutan','21/11/81','09/04/95','Marlene');
Insert into TM_PROYECTO (CODIGO_PROYECTO,NOMBRE_PROYECTO,DESCRIPCION_PROYECTO,INICIO_PROYECTO,FIN_PROYECTO,RESPONSABLE_PROYECTO) values (171,'A. Rivera','Tejutla','21/12/88','09/03/88','Ingris');
Insert into TM_PROYECTO (CODIGO_PROYECTO,NOMBRE_PROYECTO,DESCRIPCION_PROYECTO,INICIO_PROYECTO,FIN_PROYECTO,RESPONSABLE_PROYECTO) values (172,'N. Reyes','San Salvador','22/04/83','08/12/83','Lisbeth');
Insert into TM_PROYECTO (CODIGO_PROYECTO,NOMBRE_PROYECTO,DESCRIPCION_PROYECTO,INICIO_PROYECTO,FIN_PROYECTO,RESPONSABLE_PROYECTO) values (173,'X. Garcia','Tepecoyo','22/08/94','08/11/93','Yamileth');
Insert into TM_PROYECTO (CODIGO_PROYECTO,NOMBRE_PROYECTO,DESCRIPCION_PROYECTO,INICIO_PROYECTO,FIN_PROYECTO,RESPONSABLE_PROYECTO) values (174,'X. Duarte','Usulutan','22/10/91','08/10/86','Denis');
Insert into TM_PROYECTO (CODIGO_PROYECTO,NOMBRE_PROYECTO,DESCRIPCION_PROYECTO,INICIO_PROYECTO,FIN_PROYECTO,RESPONSABLE_PROYECTO) values (175,'G. Cubas','Yoloaiquin','23/03/93','08/08/89','Marlene');
Insert into TM_PROYECTO (CODIGO_PROYECTO,NOMBRE_PROYECTO,DESCRIPCION_PROYECTO,INICIO_PROYECTO,FIN_PROYECTO,RESPONSABLE_PROYECTO) values (176,'T. Angel','San Buenaventura','23/05/90','08/06/92','Evelyn');
Insert into TM_PROYECTO (CODIGO_PROYECTO,NOMBRE_PROYECTO,DESCRIPCION_PROYECTO,INICIO_PROYECTO,FIN_PROYECTO,RESPONSABLE_PROYECTO) values (177,'C. Hernandez','Cuscatlan','23/07/87','08/01/91','Alexander');
Insert into TM_PROYECTO (CODIGO_PROYECTO,NOMBRE_PROYECTO,DESCRIPCION_PROYECTO,INICIO_PROYECTO,FIN_PROYECTO,RESPONSABLE_PROYECTO) values (178,'B. Colocho','San Fernando','24/01/93','06/06/95','Alfredo');
Insert into TM_PROYECTO (CODIGO_PROYECTO,NOMBRE_PROYECTO,DESCRIPCION_PROYECTO,INICIO_PROYECTO,FIN_PROYECTO,RESPONSABLE_PROYECTO) values (179,'J. Alegria','Caba?as','24/02/83','06/03/91','Daniel');
Insert into TM_PROYECTO (CODIGO_PROYECTO,NOMBRE_PROYECTO,DESCRIPCION_PROYECTO,INICIO_PROYECTO,FIN_PROYECTO,RESPONSABLE_PROYECTO) values (180,'V. Ortega','La Libertad','24/09/81','06/02/81','Douglas');
Insert into TM_PROYECTO (CODIGO_PROYECTO,NOMBRE_PROYECTO,DESCRIPCION_PROYECTO,INICIO_PROYECTO,FIN_PROYECTO,RESPONSABLE_PROYECTO) values (181,'D. Trinidad','Tecoluca','25/04/80','05/12/86','Evelyn');
Insert into TM_PROYECTO (CODIGO_PROYECTO,NOMBRE_PROYECTO,DESCRIPCION_PROYECTO,INICIO_PROYECTO,FIN_PROYECTO,RESPONSABLE_PROYECTO) values (182,'C. Lozano','Caba?as','25/07/84','05/10/89','Erika');
Insert into TM_PROYECTO (CODIGO_PROYECTO,NOMBRE_PROYECTO,DESCRIPCION_PROYECTO,INICIO_PROYECTO,FIN_PROYECTO,RESPONSABLE_PROYECTO) values (183,'J. Castro','Santa Ana','25/10/88','05/08/92','Alejandro');
Insert into TM_PROYECTO (CODIGO_PROYECTO,NOMBRE_PROYECTO,DESCRIPCION_PROYECTO,INICIO_PROYECTO,FIN_PROYECTO,RESPONSABLE_PROYECTO) values (184,'U. Ortega','Usulutan','25/12/85','05/07/85','It큦 me, Mario!');
Insert into TM_PROYECTO (CODIGO_PROYECTO,NOMBRE_PROYECTO,DESCRIPCION_PROYECTO,INICIO_PROYECTO,FIN_PROYECTO,RESPONSABLE_PROYECTO) values (185,'C. Ponce','Sonsonate','26/03/90','05/05/88','Boris');
Insert into TM_PROYECTO (CODIGO_PROYECTO,NOMBRE_PROYECTO,DESCRIPCION_PROYECTO,INICIO_PROYECTO,FIN_PROYECTO,RESPONSABLE_PROYECTO) values (186,'Z. Cerritos','San Jose Villanueva','26/05/87','05/04/81','Daniel');
Insert into TM_PROYECTO (CODIGO_PROYECTO,NOMBRE_PROYECTO,DESCRIPCION_PROYECTO,INICIO_PROYECTO,FIN_PROYECTO,RESPONSABLE_PROYECTO) values (187,'G. Osorio','Nahuizalco','26/06/94','04/09/82','Evelyn');
Insert into TM_PROYECTO (CODIGO_PROYECTO,NOMBRE_PROYECTO,DESCRIPCION_PROYECTO,INICIO_PROYECTO,FIN_PROYECTO,RESPONSABLE_PROYECTO) values (188,'Q. Alvarenga','San Antonio Pajonal','26/08/91','04/02/84','Ana');
Insert into TM_PROYECTO (CODIGO_PROYECTO,NOMBRE_PROYECTO,DESCRIPCION_PROYECTO,INICIO_PROYECTO,FIN_PROYECTO,RESPONSABLE_PROYECTO) values (189,'X. Vasquez','Santa Rosa Guachipilin','27/02/80','04/01/94','Sandra');
Insert into TM_PROYECTO (CODIGO_PROYECTO,NOMBRE_PROYECTO,DESCRIPCION_PROYECTO,INICIO_PROYECTO,FIN_PROYECTO,RESPONSABLE_PROYECTO) values (190,'T. Cubas','Santa Ana','28/01/90','03/05/91','Anthony');
Insert into TM_PROYECTO (CODIGO_PROYECTO,NOMBRE_PROYECTO,DESCRIPCION_PROYECTO,INICIO_PROYECTO,FIN_PROYECTO,RESPONSABLE_PROYECTO) values (191,'A. Molina','Sonsonate','28/08/88','03/03/94','Jose');
Insert into TM_PROYECTO (CODIGO_PROYECTO,NOMBRE_PROYECTO,DESCRIPCION_PROYECTO,INICIO_PROYECTO,FIN_PROYECTO,RESPONSABLE_PROYECTO) values (192,'J. Quijada','San Miguel','28/10/85','02/08/95','Josue');
Insert into TM_PROYECTO (CODIGO_PROYECTO,NOMBRE_PROYECTO,DESCRIPCION_PROYECTO,INICIO_PROYECTO,FIN_PROYECTO,RESPONSABLE_PROYECTO) values (193,'P. Mejia','Santa Ana','28/11/92','02/07/88','Herbert');
Insert into TM_PROYECTO (CODIGO_PROYECTO,NOMBRE_PROYECTO,DESCRIPCION_PROYECTO,INICIO_PROYECTO,FIN_PROYECTO,RESPONSABLE_PROYECTO) values (194,'K. Ortega','La Union','28/12/82','01/12/89','Ingris');
Insert into TM_PROYECTO (CODIGO_PROYECTO,NOMBRE_PROYECTO,DESCRIPCION_PROYECTO,INICIO_PROYECTO,FIN_PROYECTO,RESPONSABLE_PROYECTO) values (195,'Q. Roscala','Ahuachapan','29/04/94','01/11/82','Lisbeth');
Insert into TM_PROYECTO (CODIGO_PROYECTO,NOMBRE_PROYECTO,DESCRIPCION_PROYECTO,INICIO_PROYECTO,FIN_PROYECTO,RESPONSABLE_PROYECTO) values (196,'Y. Tobar','Concepcion Batres','29/05/84','01/10/92','Xiomara');
Insert into TM_PROYECTO (CODIGO_PROYECTO,NOMBRE_PROYECTO,DESCRIPCION_PROYECTO,INICIO_PROYECTO,FIN_PROYECTO,RESPONSABLE_PROYECTO) values (197,'D. Mart?nez','San Antonio del Monte','29/06/91','01/09/85','Jenifer');
Insert into TM_PROYECTO (CODIGO_PROYECTO,NOMBRE_PROYECTO,DESCRIPCION_PROYECTO,INICIO_PROYECTO,FIN_PROYECTO,RESPONSABLE_PROYECTO) values (198,'Y. Lopez','Panchimalco','29/07/81','01/06/81','Marta');
Insert into TM_PROYECTO (CODIGO_PROYECTO,NOMBRE_PROYECTO,DESCRIPCION_PROYECTO,INICIO_PROYECTO,FIN_PROYECTO,RESPONSABLE_PROYECTO) values (199,'D. Mart?nez','El Carrizal','30/03/87','01/04/84','Nestor');
Insert into TM_PROYECTO (CODIGO_PROYECTO,NOMBRE_PROYECTO,DESCRIPCION_PROYECTO,INICIO_PROYECTO,FIN_PROYECTO,RESPONSABLE_PROYECTO) values (200,'K. Guerrero','La Paz','31/01/87','01/01/80','Edwin');

Insert into TM_RESPONSABLE (CODIGO_RESPONSABLE,CODIGO_TAREA,CODIGO_USUARIO) values (201,103,'Jenifer');
Insert into TM_RESPONSABLE (CODIGO_RESPONSABLE,CODIGO_TAREA,CODIGO_USUARIO) values (202,11,'Erika');
Insert into TM_RESPONSABLE (CODIGO_RESPONSABLE,CODIGO_TAREA,CODIGO_USUARIO) values (203,112,'Erick');
Insert into TM_RESPONSABLE (CODIGO_RESPONSABLE,CODIGO_TAREA,CODIGO_USUARIO) values (204,71,'It큦 me, Mario');
Insert into TM_RESPONSABLE (CODIGO_RESPONSABLE,CODIGO_TAREA,CODIGO_USUARIO) values (205,98,'Ivonne');
Insert into TM_RESPONSABLE (CODIGO_RESPONSABLE,CODIGO_TAREA,CODIGO_USUARIO) values (206,94,'Marta');
Insert into TM_RESPONSABLE (CODIGO_RESPONSABLE,CODIGO_TAREA,CODIGO_USUARIO) values (207,5,'Daniel');
Insert into TM_RESPONSABLE (CODIGO_RESPONSABLE,CODIGO_TAREA,CODIGO_USUARIO) values (208,172,'Yosely');
Insert into TM_RESPONSABLE (CODIGO_RESPONSABLE,CODIGO_TAREA,CODIGO_USUARIO) values (209,78,'Erika');
Insert into TM_RESPONSABLE (CODIGO_RESPONSABLE,CODIGO_TAREA,CODIGO_USUARIO) values (210,100,'Marta');
Insert into TM_RESPONSABLE (CODIGO_RESPONSABLE,CODIGO_TAREA,CODIGO_USUARIO) values (211,60,'Ernesto');
Insert into TM_RESPONSABLE (CODIGO_RESPONSABLE,CODIGO_TAREA,CODIGO_USUARIO) values (212,172,'Nestor');
Insert into TM_RESPONSABLE (CODIGO_RESPONSABLE,CODIGO_TAREA,CODIGO_USUARIO) values (213,195,'Marta');
Insert into TM_RESPONSABLE (CODIGO_RESPONSABLE,CODIGO_TAREA,CODIGO_USUARIO) values (214,180,'Titiushko');
Insert into TM_RESPONSABLE (CODIGO_RESPONSABLE,CODIGO_TAREA,CODIGO_USUARIO) values (215,26,'Yosely');
Insert into TM_RESPONSABLE (CODIGO_RESPONSABLE,CODIGO_TAREA,CODIGO_USUARIO) values (216,20,'Guillermo');
Insert into TM_RESPONSABLE (CODIGO_RESPONSABLE,CODIGO_TAREA,CODIGO_USUARIO) values (217,197,'Rosa');
Insert into TM_RESPONSABLE (CODIGO_RESPONSABLE,CODIGO_TAREA,CODIGO_USUARIO) values (218,84,'Alejandro');
Insert into TM_RESPONSABLE (CODIGO_RESPONSABLE,CODIGO_TAREA,CODIGO_USUARIO) values (219,52,'Abigail');
Insert into TM_RESPONSABLE (CODIGO_RESPONSABLE,CODIGO_TAREA,CODIGO_USUARIO) values (220,66,'Evelyn');
Insert into TM_RESPONSABLE (CODIGO_RESPONSABLE,CODIGO_TAREA,CODIGO_USUARIO) values (221,35,'Jose');
Insert into TM_RESPONSABLE (CODIGO_RESPONSABLE,CODIGO_TAREA,CODIGO_USUARIO) values (222,161,'Evelyn');
Insert into TM_RESPONSABLE (CODIGO_RESPONSABLE,CODIGO_TAREA,CODIGO_USUARIO) values (223,90,'Guillermo');
Insert into TM_RESPONSABLE (CODIGO_RESPONSABLE,CODIGO_TAREA,CODIGO_USUARIO) values (224,61,'Karen');
Insert into TM_RESPONSABLE (CODIGO_RESPONSABLE,CODIGO_TAREA,CODIGO_USUARIO) values (225,59,'Isabel');
Insert into TM_RESPONSABLE (CODIGO_RESPONSABLE,CODIGO_TAREA,CODIGO_USUARIO) values (226,161,'Tatiana');
Insert into TM_RESPONSABLE (CODIGO_RESPONSABLE,CODIGO_TAREA,CODIGO_USUARIO) values (227,88,'Carlos');
Insert into TM_RESPONSABLE (CODIGO_RESPONSABLE,CODIGO_TAREA,CODIGO_USUARIO) values (228,154,'Vladimir');
Insert into TM_RESPONSABLE (CODIGO_RESPONSABLE,CODIGO_TAREA,CODIGO_USUARIO) values (229,19,'Isabel');
Insert into TM_RESPONSABLE (CODIGO_RESPONSABLE,CODIGO_TAREA,CODIGO_USUARIO) values (230,35,'Elizabeth');
Insert into TM_RESPONSABLE (CODIGO_RESPONSABLE,CODIGO_TAREA,CODIGO_USUARIO) values (231,197,'Marta');
Insert into TM_RESPONSABLE (CODIGO_RESPONSABLE,CODIGO_TAREA,CODIGO_USUARIO) values (232,96,'Yamileth');
Insert into TM_RESPONSABLE (CODIGO_RESPONSABLE,CODIGO_TAREA,CODIGO_USUARIO) values (233,65,'Ivette');
Insert into TM_RESPONSABLE (CODIGO_RESPONSABLE,CODIGO_TAREA,CODIGO_USUARIO) values (234,132,'Carmen');
Insert into TM_RESPONSABLE (CODIGO_RESPONSABLE,CODIGO_TAREA,CODIGO_USUARIO) values (235,168,'Carmen');
Insert into TM_RESPONSABLE (CODIGO_RESPONSABLE,CODIGO_TAREA,CODIGO_USUARIO) values (236,36,'Hector');
Insert into TM_RESPONSABLE (CODIGO_RESPONSABLE,CODIGO_TAREA,CODIGO_USUARIO) values (237,147,'Edgardo');
Insert into TM_RESPONSABLE (CODIGO_RESPONSABLE,CODIGO_TAREA,CODIGO_USUARIO) values (238,3,'Rodolfo');
Insert into TM_RESPONSABLE (CODIGO_RESPONSABLE,CODIGO_TAREA,CODIGO_USUARIO) values (239,149,'Rodolfo');
Insert into TM_RESPONSABLE (CODIGO_RESPONSABLE,CODIGO_TAREA,CODIGO_USUARIO) values (240,125,'Tony');
Insert into TM_RESPONSABLE (CODIGO_RESPONSABLE,CODIGO_TAREA,CODIGO_USUARIO) values (241,15,'Salvador');
Insert into TM_RESPONSABLE (CODIGO_RESPONSABLE,CODIGO_TAREA,CODIGO_USUARIO) values (242,197,'Boris');
Insert into TM_RESPONSABLE (CODIGO_RESPONSABLE,CODIGO_TAREA,CODIGO_USUARIO) values (243,91,'Lisbeth');
Insert into TM_RESPONSABLE (CODIGO_RESPONSABLE,CODIGO_TAREA,CODIGO_USUARIO) values (244,112,'Iris');
Insert into TM_RESPONSABLE (CODIGO_RESPONSABLE,CODIGO_TAREA,CODIGO_USUARIO) values (245,19,'Josue');
Insert into TM_RESPONSABLE (CODIGO_RESPONSABLE,CODIGO_TAREA,CODIGO_USUARIO) values (246,64,'It큦 me, Mario');
Insert into TM_RESPONSABLE (CODIGO_RESPONSABLE,CODIGO_TAREA,CODIGO_USUARIO) values (247,144,'Xiomara');
Insert into TM_RESPONSABLE (CODIGO_RESPONSABLE,CODIGO_TAREA,CODIGO_USUARIO) values (248,148,'Jose');
Insert into TM_RESPONSABLE (CODIGO_RESPONSABLE,CODIGO_TAREA,CODIGO_USUARIO) values (249,109,'Isabel');
Insert into TM_RESPONSABLE (CODIGO_RESPONSABLE,CODIGO_TAREA,CODIGO_USUARIO) values (250,155,'Douglas');
Insert into TM_RESPONSABLE (CODIGO_RESPONSABLE,CODIGO_TAREA,CODIGO_USUARIO) values (251,58,'Tatiana');
Insert into TM_RESPONSABLE (CODIGO_RESPONSABLE,CODIGO_TAREA,CODIGO_USUARIO) values (252,182,'Yamileth');
Insert into TM_RESPONSABLE (CODIGO_RESPONSABLE,CODIGO_TAREA,CODIGO_USUARIO) values (253,35,'Grissel');
Insert into TM_RESPONSABLE (CODIGO_RESPONSABLE,CODIGO_TAREA,CODIGO_USUARIO) values (254,20,'Isabel');
Insert into TM_RESPONSABLE (CODIGO_RESPONSABLE,CODIGO_TAREA,CODIGO_USUARIO) values (255,183,'Novoa');
Insert into TM_RESPONSABLE (CODIGO_RESPONSABLE,CODIGO_TAREA,CODIGO_USUARIO) values (256,164,'Anthony');
Insert into TM_RESPONSABLE (CODIGO_RESPONSABLE,CODIGO_TAREA,CODIGO_USUARIO) values (257,146,'Josue');
Insert into TM_RESPONSABLE (CODIGO_RESPONSABLE,CODIGO_TAREA,CODIGO_USUARIO) values (258,8,'Manuel');
Insert into TM_RESPONSABLE (CODIGO_RESPONSABLE,CODIGO_TAREA,CODIGO_USUARIO) values (259,69,'Elizabeth');
Insert into TM_RESPONSABLE (CODIGO_RESPONSABLE,CODIGO_TAREA,CODIGO_USUARIO) values (260,45,'Herbert');
Insert into TM_RESPONSABLE (CODIGO_RESPONSABLE,CODIGO_TAREA,CODIGO_USUARIO) values (261,194,'Manuel');
Insert into TM_RESPONSABLE (CODIGO_RESPONSABLE,CODIGO_TAREA,CODIGO_USUARIO) values (262,69,'Maria');
Insert into TM_RESPONSABLE (CODIGO_RESPONSABLE,CODIGO_TAREA,CODIGO_USUARIO) values (263,66,'Daniel');
Insert into TM_RESPONSABLE (CODIGO_RESPONSABLE,CODIGO_TAREA,CODIGO_USUARIO) values (264,174,'Melissa');
Insert into TM_RESPONSABLE (CODIGO_RESPONSABLE,CODIGO_TAREA,CODIGO_USUARIO) values (265,128,'Boris');
Insert into TM_RESPONSABLE (CODIGO_RESPONSABLE,CODIGO_TAREA,CODIGO_USUARIO) values (266,154,'Lisbeth');
Insert into TM_RESPONSABLE (CODIGO_RESPONSABLE,CODIGO_TAREA,CODIGO_USUARIO) values (267,123,'Sandra');
Insert into TM_RESPONSABLE (CODIGO_RESPONSABLE,CODIGO_TAREA,CODIGO_USUARIO) values (268,102,'Jimmy');
Insert into TM_RESPONSABLE (CODIGO_RESPONSABLE,CODIGO_TAREA,CODIGO_USUARIO) values (269,97,'Hector');
Insert into TM_RESPONSABLE (CODIGO_RESPONSABLE,CODIGO_TAREA,CODIGO_USUARIO) values (270,12,'Marvin');
Insert into TM_RESPONSABLE (CODIGO_RESPONSABLE,CODIGO_TAREA,CODIGO_USUARIO) values (271,192,'Rosa');
Insert into TM_RESPONSABLE (CODIGO_RESPONSABLE,CODIGO_TAREA,CODIGO_USUARIO) values (272,178,'Novoa');
Insert into TM_RESPONSABLE (CODIGO_RESPONSABLE,CODIGO_TAREA,CODIGO_USUARIO) values (273,52,'Alejandra');
Insert into TM_RESPONSABLE (CODIGO_RESPONSABLE,CODIGO_TAREA,CODIGO_USUARIO) values (274,193,'Karen');
Insert into TM_RESPONSABLE (CODIGO_RESPONSABLE,CODIGO_TAREA,CODIGO_USUARIO) values (275,22,'Elizabeth');
Insert into TM_RESPONSABLE (CODIGO_RESPONSABLE,CODIGO_TAREA,CODIGO_USUARIO) values (276,152,'Titiushko');
Insert into TM_RESPONSABLE (CODIGO_RESPONSABLE,CODIGO_TAREA,CODIGO_USUARIO) values (277,144,'Novoa');
Insert into TM_RESPONSABLE (CODIGO_RESPONSABLE,CODIGO_TAREA,CODIGO_USUARIO) values (278,48,'Francisco');
Insert into TM_RESPONSABLE (CODIGO_RESPONSABLE,CODIGO_TAREA,CODIGO_USUARIO) values (279,162,'Carmen');
Insert into TM_RESPONSABLE (CODIGO_RESPONSABLE,CODIGO_TAREA,CODIGO_USUARIO) values (280,175,'Erick');
Insert into TM_RESPONSABLE (CODIGO_RESPONSABLE,CODIGO_TAREA,CODIGO_USUARIO) values (281,121,'Erick');
Insert into TM_RESPONSABLE (CODIGO_RESPONSABLE,CODIGO_TAREA,CODIGO_USUARIO) values (282,127,'Nestor');
Insert into TM_RESPONSABLE (CODIGO_RESPONSABLE,CODIGO_TAREA,CODIGO_USUARIO) values (283,164,'Novoa');
Insert into TM_RESPONSABLE (CODIGO_RESPONSABLE,CODIGO_TAREA,CODIGO_USUARIO) values (284,197,'Novoa');
Insert into TM_RESPONSABLE (CODIGO_RESPONSABLE,CODIGO_TAREA,CODIGO_USUARIO) values (285,134,'Ana');
Insert into TM_RESPONSABLE (CODIGO_RESPONSABLE,CODIGO_TAREA,CODIGO_USUARIO) values (286,179,'Sandra');
Insert into TM_RESPONSABLE (CODIGO_RESPONSABLE,CODIGO_TAREA,CODIGO_USUARIO) values (287,176,'Carlos');
Insert into TM_RESPONSABLE (CODIGO_RESPONSABLE,CODIGO_TAREA,CODIGO_USUARIO) values (288,167,'Ivonne');
Insert into TM_RESPONSABLE (CODIGO_RESPONSABLE,CODIGO_TAREA,CODIGO_USUARIO) values (289,133,'Beatriz');
Insert into TM_RESPONSABLE (CODIGO_RESPONSABLE,CODIGO_TAREA,CODIGO_USUARIO) values (290,154,'Erika');
Insert into TM_RESPONSABLE (CODIGO_RESPONSABLE,CODIGO_TAREA,CODIGO_USUARIO) values (291,150,'Titiushko');
Insert into TM_RESPONSABLE (CODIGO_RESPONSABLE,CODIGO_TAREA,CODIGO_USUARIO) values (292,35,'Melissa');
Insert into TM_RESPONSABLE (CODIGO_RESPONSABLE,CODIGO_TAREA,CODIGO_USUARIO) values (293,69,'Anthony');
Insert into TM_RESPONSABLE (CODIGO_RESPONSABLE,CODIGO_TAREA,CODIGO_USUARIO) values (294,3,'Douglas');
Insert into TM_RESPONSABLE (CODIGO_RESPONSABLE,CODIGO_TAREA,CODIGO_USUARIO) values (295,34,'Ana');
Insert into TM_RESPONSABLE (CODIGO_RESPONSABLE,CODIGO_TAREA,CODIGO_USUARIO) values (296,152,'Ingris');
Insert into TM_RESPONSABLE (CODIGO_RESPONSABLE,CODIGO_TAREA,CODIGO_USUARIO) values (297,90,'Erick');
Insert into TM_RESPONSABLE (CODIGO_RESPONSABLE,CODIGO_TAREA,CODIGO_USUARIO) values (298,75,'Iris');
Insert into TM_RESPONSABLE (CODIGO_RESPONSABLE,CODIGO_TAREA,CODIGO_USUARIO) values (299,179,'Beatriz');
Insert into TM_RESPONSABLE (CODIGO_RESPONSABLE,CODIGO_TAREA,CODIGO_USUARIO) values (300,67,'Titiushko');
Insert into TM_RESPONSABLE (CODIGO_RESPONSABLE,CODIGO_TAREA,CODIGO_USUARIO) values (301,147,'Vladimir');
Insert into TM_RESPONSABLE (CODIGO_RESPONSABLE,CODIGO_TAREA,CODIGO_USUARIO) values (302,121,'Francisco');
Insert into TM_RESPONSABLE (CODIGO_RESPONSABLE,CODIGO_TAREA,CODIGO_USUARIO) values (303,135,'Xiomara');
Insert into TM_RESPONSABLE (CODIGO_RESPONSABLE,CODIGO_TAREA,CODIGO_USUARIO) values (304,131,'Lisbeth');
Insert into TM_RESPONSABLE (CODIGO_RESPONSABLE,CODIGO_TAREA,CODIGO_USUARIO) values (305,190,'Marta');
Insert into TM_RESPONSABLE (CODIGO_RESPONSABLE,CODIGO_TAREA,CODIGO_USUARIO) values (306,90,'Claudia');
Insert into TM_RESPONSABLE (CODIGO_RESPONSABLE,CODIGO_TAREA,CODIGO_USUARIO) values (307,53,'Alexander');
Insert into TM_RESPONSABLE (CODIGO_RESPONSABLE,CODIGO_TAREA,CODIGO_USUARIO) values (308,93,'Jose');
Insert into TM_RESPONSABLE (CODIGO_RESPONSABLE,CODIGO_TAREA,CODIGO_USUARIO) values (309,168,'Elizabeth');
Insert into TM_RESPONSABLE (CODIGO_RESPONSABLE,CODIGO_TAREA,CODIGO_USUARIO) values (310,132,'Novoa');
Insert into TM_RESPONSABLE (CODIGO_RESPONSABLE,CODIGO_TAREA,CODIGO_USUARIO) values (311,81,'Anthony');
Insert into TM_RESPONSABLE (CODIGO_RESPONSABLE,CODIGO_TAREA,CODIGO_USUARIO) values (312,103,'Maria');
Insert into TM_RESPONSABLE (CODIGO_RESPONSABLE,CODIGO_TAREA,CODIGO_USUARIO) values (313,33,'Edwin');
Insert into TM_RESPONSABLE (CODIGO_RESPONSABLE,CODIGO_TAREA,CODIGO_USUARIO) values (314,198,'Jimmy');
Insert into TM_RESPONSABLE (CODIGO_RESPONSABLE,CODIGO_TAREA,CODIGO_USUARIO) values (315,170,'Novoa');
Insert into TM_RESPONSABLE (CODIGO_RESPONSABLE,CODIGO_TAREA,CODIGO_USUARIO) values (316,112,'Alexander');
Insert into TM_RESPONSABLE (CODIGO_RESPONSABLE,CODIGO_TAREA,CODIGO_USUARIO) values (317,134,'Beatriz');
Insert into TM_RESPONSABLE (CODIGO_RESPONSABLE,CODIGO_TAREA,CODIGO_USUARIO) values (318,38,'Alexander');
Insert into TM_RESPONSABLE (CODIGO_RESPONSABLE,CODIGO_TAREA,CODIGO_USUARIO) values (319,70,'Garcia');
Insert into TM_RESPONSABLE (CODIGO_RESPONSABLE,CODIGO_TAREA,CODIGO_USUARIO) values (320,69,'Abigail');
Insert into TM_RESPONSABLE (CODIGO_RESPONSABLE,CODIGO_TAREA,CODIGO_USUARIO) values (321,21,'Alejandro');
Insert into TM_RESPONSABLE (CODIGO_RESPONSABLE,CODIGO_TAREA,CODIGO_USUARIO) values (322,1,'Claudia');
Insert into TM_RESPONSABLE (CODIGO_RESPONSABLE,CODIGO_TAREA,CODIGO_USUARIO) values (323,131,'Denis');
Insert into TM_RESPONSABLE (CODIGO_RESPONSABLE,CODIGO_TAREA,CODIGO_USUARIO) values (324,125,'Jimmy');
Insert into TM_RESPONSABLE (CODIGO_RESPONSABLE,CODIGO_TAREA,CODIGO_USUARIO) values (325,43,'Iris');
Insert into TM_RESPONSABLE (CODIGO_RESPONSABLE,CODIGO_TAREA,CODIGO_USUARIO) values (326,37,'Alexander');
Insert into TM_RESPONSABLE (CODIGO_RESPONSABLE,CODIGO_TAREA,CODIGO_USUARIO) values (327,102,'Manuel');
Insert into TM_RESPONSABLE (CODIGO_RESPONSABLE,CODIGO_TAREA,CODIGO_USUARIO) values (328,29,'Herbert');
Insert into TM_RESPONSABLE (CODIGO_RESPONSABLE,CODIGO_TAREA,CODIGO_USUARIO) values (329,152,'Ernesto');
Insert into TM_RESPONSABLE (CODIGO_RESPONSABLE,CODIGO_TAREA,CODIGO_USUARIO) values (330,97,'Edenilson');
Insert into TM_RESPONSABLE (CODIGO_RESPONSABLE,CODIGO_TAREA,CODIGO_USUARIO) values (331,135,'Sanchez');
Insert into TM_RESPONSABLE (CODIGO_RESPONSABLE,CODIGO_TAREA,CODIGO_USUARIO) values (332,132,'Anthony');
Insert into TM_RESPONSABLE (CODIGO_RESPONSABLE,CODIGO_TAREA,CODIGO_USUARIO) values (333,96,'Xiomara');
Insert into TM_RESPONSABLE (CODIGO_RESPONSABLE,CODIGO_TAREA,CODIGO_USUARIO) values (334,130,'Ingris');
Insert into TM_RESPONSABLE (CODIGO_RESPONSABLE,CODIGO_TAREA,CODIGO_USUARIO) values (335,179,'It큦 me, Mario!');
Insert into TM_RESPONSABLE (CODIGO_RESPONSABLE,CODIGO_TAREA,CODIGO_USUARIO) values (336,183,'Josue');
Insert into TM_RESPONSABLE (CODIGO_RESPONSABLE,CODIGO_TAREA,CODIGO_USUARIO) values (337,27,'Alejandra');
Insert into TM_RESPONSABLE (CODIGO_RESPONSABLE,CODIGO_TAREA,CODIGO_USUARIO) values (338,86,'Isabel');
Insert into TM_RESPONSABLE (CODIGO_RESPONSABLE,CODIGO_TAREA,CODIGO_USUARIO) values (339,183,'Tatiana');
Insert into TM_RESPONSABLE (CODIGO_RESPONSABLE,CODIGO_TAREA,CODIGO_USUARIO) values (340,133,'Tatiana');
Insert into TM_RESPONSABLE (CODIGO_RESPONSABLE,CODIGO_TAREA,CODIGO_USUARIO) values (341,93,'Isabel');
Insert into TM_RESPONSABLE (CODIGO_RESPONSABLE,CODIGO_TAREA,CODIGO_USUARIO) values (342,116,'Rodolfo');
Insert into TM_RESPONSABLE (CODIGO_RESPONSABLE,CODIGO_TAREA,CODIGO_USUARIO) values (343,99,'Lisbeth');
Insert into TM_RESPONSABLE (CODIGO_RESPONSABLE,CODIGO_TAREA,CODIGO_USUARIO) values (344,131,'Grissel');
Insert into TM_RESPONSABLE (CODIGO_RESPONSABLE,CODIGO_TAREA,CODIGO_USUARIO) values (345,45,'Josue');
Insert into TM_RESPONSABLE (CODIGO_RESPONSABLE,CODIGO_TAREA,CODIGO_USUARIO) values (346,170,'Rodolfo');
Insert into TM_RESPONSABLE (CODIGO_RESPONSABLE,CODIGO_TAREA,CODIGO_USUARIO) values (347,76,'Sanchez');
Insert into TM_RESPONSABLE (CODIGO_RESPONSABLE,CODIGO_TAREA,CODIGO_USUARIO) values (348,127,'Marlene');
Insert into TM_RESPONSABLE (CODIGO_RESPONSABLE,CODIGO_TAREA,CODIGO_USUARIO) values (349,34,'Emperatriz');
Insert into TM_RESPONSABLE (CODIGO_RESPONSABLE,CODIGO_TAREA,CODIGO_USUARIO) values (350,197,'Marta');
Insert into TM_RESPONSABLE (CODIGO_RESPONSABLE,CODIGO_TAREA,CODIGO_USUARIO) values (351,63,'Francisco');
Insert into TM_RESPONSABLE (CODIGO_RESPONSABLE,CODIGO_TAREA,CODIGO_USUARIO) values (352,72,'Tatiana');
Insert into TM_RESPONSABLE (CODIGO_RESPONSABLE,CODIGO_TAREA,CODIGO_USUARIO) values (353,8,'Jazmin');
Insert into TM_RESPONSABLE (CODIGO_RESPONSABLE,CODIGO_TAREA,CODIGO_USUARIO) values (354,147,'Beatriz');
Insert into TM_RESPONSABLE (CODIGO_RESPONSABLE,CODIGO_TAREA,CODIGO_USUARIO) values (355,11,'Beatriz');
Insert into TM_RESPONSABLE (CODIGO_RESPONSABLE,CODIGO_TAREA,CODIGO_USUARIO) values (356,115,'Anthony');
Insert into TM_RESPONSABLE (CODIGO_RESPONSABLE,CODIGO_TAREA,CODIGO_USUARIO) values (357,118,'It큦 me, Mario');
Insert into TM_RESPONSABLE (CODIGO_RESPONSABLE,CODIGO_TAREA,CODIGO_USUARIO) values (358,171,'Rodolfo');
Insert into TM_RESPONSABLE (CODIGO_RESPONSABLE,CODIGO_TAREA,CODIGO_USUARIO) values (359,71,'Boris');
Insert into TM_RESPONSABLE (CODIGO_RESPONSABLE,CODIGO_TAREA,CODIGO_USUARIO) values (360,7,'Vladimir');
Insert into TM_RESPONSABLE (CODIGO_RESPONSABLE,CODIGO_TAREA,CODIGO_USUARIO) values (361,114,'Edwin');
Insert into TM_RESPONSABLE (CODIGO_RESPONSABLE,CODIGO_TAREA,CODIGO_USUARIO) values (362,18,'Melissa');
Insert into TM_RESPONSABLE (CODIGO_RESPONSABLE,CODIGO_TAREA,CODIGO_USUARIO) values (363,191,'Evelyn');
Insert into TM_RESPONSABLE (CODIGO_RESPONSABLE,CODIGO_TAREA,CODIGO_USUARIO) values (364,97,'Claudia');
Insert into TM_RESPONSABLE (CODIGO_RESPONSABLE,CODIGO_TAREA,CODIGO_USUARIO) values (365,146,'Elizabeth');
Insert into TM_RESPONSABLE (CODIGO_RESPONSABLE,CODIGO_TAREA,CODIGO_USUARIO) values (366,39,'Jose');
Insert into TM_RESPONSABLE (CODIGO_RESPONSABLE,CODIGO_TAREA,CODIGO_USUARIO) values (367,122,'Sandra');
Insert into TM_RESPONSABLE (CODIGO_RESPONSABLE,CODIGO_TAREA,CODIGO_USUARIO) values (368,136,'Ana');
Insert into TM_RESPONSABLE (CODIGO_RESPONSABLE,CODIGO_TAREA,CODIGO_USUARIO) values (369,164,'Tony');
Insert into TM_RESPONSABLE (CODIGO_RESPONSABLE,CODIGO_TAREA,CODIGO_USUARIO) values (370,183,'Salvador');
Insert into TM_RESPONSABLE (CODIGO_RESPONSABLE,CODIGO_TAREA,CODIGO_USUARIO) values (371,14,'Alejandra');
Insert into TM_RESPONSABLE (CODIGO_RESPONSABLE,CODIGO_TAREA,CODIGO_USUARIO) values (372,73,'Rosa');
Insert into TM_RESPONSABLE (CODIGO_RESPONSABLE,CODIGO_TAREA,CODIGO_USUARIO) values (373,118,'Grissel');
Insert into TM_RESPONSABLE (CODIGO_RESPONSABLE,CODIGO_TAREA,CODIGO_USUARIO) values (374,200,'Carlos');
Insert into TM_RESPONSABLE (CODIGO_RESPONSABLE,CODIGO_TAREA,CODIGO_USUARIO) values (375,17,'Sandra');
Insert into TM_RESPONSABLE (CODIGO_RESPONSABLE,CODIGO_TAREA,CODIGO_USUARIO) values (376,59,'Salvador');
Insert into TM_RESPONSABLE (CODIGO_RESPONSABLE,CODIGO_TAREA,CODIGO_USUARIO) values (377,157,'Marvin');
Insert into TM_RESPONSABLE (CODIGO_RESPONSABLE,CODIGO_TAREA,CODIGO_USUARIO) values (378,41,'Abigail');
Insert into TM_RESPONSABLE (CODIGO_RESPONSABLE,CODIGO_TAREA,CODIGO_USUARIO) values (379,81,'Tony');
Insert into TM_RESPONSABLE (CODIGO_RESPONSABLE,CODIGO_TAREA,CODIGO_USUARIO) values (380,42,'Sandra');
Insert into TM_RESPONSABLE (CODIGO_RESPONSABLE,CODIGO_TAREA,CODIGO_USUARIO) values (381,33,'Abigail');
Insert into TM_RESPONSABLE (CODIGO_RESPONSABLE,CODIGO_TAREA,CODIGO_USUARIO) values (382,56,'Jacqueline');
Insert into TM_RESPONSABLE (CODIGO_RESPONSABLE,CODIGO_TAREA,CODIGO_USUARIO) values (383,156,'Jacqueline');
Insert into TM_RESPONSABLE (CODIGO_RESPONSABLE,CODIGO_TAREA,CODIGO_USUARIO) values (384,175,'Edenilson');
Insert into TM_RESPONSABLE (CODIGO_RESPONSABLE,CODIGO_TAREA,CODIGO_USUARIO) values (385,95,'Guillermo');
Insert into TM_RESPONSABLE (CODIGO_RESPONSABLE,CODIGO_TAREA,CODIGO_USUARIO) values (386,194,'Guillermo');
Insert into TM_RESPONSABLE (CODIGO_RESPONSABLE,CODIGO_TAREA,CODIGO_USUARIO) values (387,192,'Erika');
Insert into TM_RESPONSABLE (CODIGO_RESPONSABLE,CODIGO_TAREA,CODIGO_USUARIO) values (388,6,'Vladimir');
Insert into TM_RESPONSABLE (CODIGO_RESPONSABLE,CODIGO_TAREA,CODIGO_USUARIO) values (389,92,'Abigail');
Insert into TM_RESPONSABLE (CODIGO_RESPONSABLE,CODIGO_TAREA,CODIGO_USUARIO) values (390,5,'Alejandro');
Insert into TM_RESPONSABLE (CODIGO_RESPONSABLE,CODIGO_TAREA,CODIGO_USUARIO) values (391,139,'Josue');
Insert into TM_RESPONSABLE (CODIGO_RESPONSABLE,CODIGO_TAREA,CODIGO_USUARIO) values (392,85,'Erick');
Insert into TM_RESPONSABLE (CODIGO_RESPONSABLE,CODIGO_TAREA,CODIGO_USUARIO) values (393,176,'Ernesto');
Insert into TM_RESPONSABLE (CODIGO_RESPONSABLE,CODIGO_TAREA,CODIGO_USUARIO) values (394,40,'Ernesto');
Insert into TM_RESPONSABLE (CODIGO_RESPONSABLE,CODIGO_TAREA,CODIGO_USUARIO) values (395,147,'Beatriz');
Insert into TM_RESPONSABLE (CODIGO_RESPONSABLE,CODIGO_TAREA,CODIGO_USUARIO) values (396,163,'It큦 me, Mario!');
Insert into TM_RESPONSABLE (CODIGO_RESPONSABLE,CODIGO_TAREA,CODIGO_USUARIO) values (397,95,'Herbert');
Insert into TM_RESPONSABLE (CODIGO_RESPONSABLE,CODIGO_TAREA,CODIGO_USUARIO) values (398,48,'Yamileth');
Insert into TM_RESPONSABLE (CODIGO_RESPONSABLE,CODIGO_TAREA,CODIGO_USUARIO) values (399,166,'Guillermo');
Insert into TM_RESPONSABLE (CODIGO_RESPONSABLE,CODIGO_TAREA,CODIGO_USUARIO) values (400,189,'Melissa');

Insert into TM_TAREA (CODIGO_TAREA,NOMBRE_TAREA,DESCRIPCION_TAREA,CODIGO_PROYECTO) values (201,'T. Mendoza','Egypt',29);
Insert into TM_TAREA (CODIGO_TAREA,NOMBRE_TAREA,DESCRIPCION_TAREA,CODIGO_PROYECTO) values (202,'W. Calderon','Portugal',45);
Insert into TM_TAREA (CODIGO_TAREA,NOMBRE_TAREA,DESCRIPCION_TAREA,CODIGO_PROYECTO) values (203,'I. Bonilla','Virgin Islands, U.S.',95);
Insert into TM_TAREA (CODIGO_TAREA,NOMBRE_TAREA,DESCRIPCION_TAREA,CODIGO_PROYECTO) values (204,'N. Carrillo','Madagascar',89);
Insert into TM_TAREA (CODIGO_TAREA,NOMBRE_TAREA,DESCRIPCION_TAREA,CODIGO_PROYECTO) values (205,'G. Mejia','Gabon',88);
Insert into TM_TAREA (CODIGO_TAREA,NOMBRE_TAREA,DESCRIPCION_TAREA,CODIGO_PROYECTO) values (206,'W. Alas','South Georgia and The South Sandwich Islands',99);
Insert into TM_TAREA (CODIGO_TAREA,NOMBRE_TAREA,DESCRIPCION_TAREA,CODIGO_PROYECTO) values (207,'G. Osorio','Andorra',83);
Insert into TM_TAREA (CODIGO_TAREA,NOMBRE_TAREA,DESCRIPCION_TAREA,CODIGO_PROYECTO) values (208,'S. Gomez','Guinea-bissau',48);
Insert into TM_TAREA (CODIGO_TAREA,NOMBRE_TAREA,DESCRIPCION_TAREA,CODIGO_PROYECTO) values (209,'C. Duarte','Suriname',55);
Insert into TM_TAREA (CODIGO_TAREA,NOMBRE_TAREA,DESCRIPCION_TAREA,CODIGO_PROYECTO) values (210,'T. Avelar','Tunisia',13);
Insert into TM_TAREA (CODIGO_TAREA,NOMBRE_TAREA,DESCRIPCION_TAREA,CODIGO_PROYECTO) values (211,'N. Aguilar','Malaysia',80);
Insert into TM_TAREA (CODIGO_TAREA,NOMBRE_TAREA,DESCRIPCION_TAREA,CODIGO_PROYECTO) values (212,'T. Rafaelano','China',67);
Insert into TM_TAREA (CODIGO_TAREA,NOMBRE_TAREA,DESCRIPCION_TAREA,CODIGO_PROYECTO) values (213,'G. Ortiz','Sudan',32);
Insert into TM_TAREA (CODIGO_TAREA,NOMBRE_TAREA,DESCRIPCION_TAREA,CODIGO_PROYECTO) values (214,'L. Garc','Uzbekistan',86);
Insert into TM_TAREA (CODIGO_TAREA,NOMBRE_TAREA,DESCRIPCION_TAREA,CODIGO_PROYECTO) values (215,'C. Alvarado','Luxembourg',87);
Insert into TM_TAREA (CODIGO_TAREA,NOMBRE_TAREA,DESCRIPCION_TAREA,CODIGO_PROYECTO) values (216,'P. Hernandez','Virgin Islands, British',45);
Insert into TM_TAREA (CODIGO_TAREA,NOMBRE_TAREA,DESCRIPCION_TAREA,CODIGO_PROYECTO) values (217,'U. Rivas','French Guiana',19);
Insert into TM_TAREA (CODIGO_TAREA,NOMBRE_TAREA,DESCRIPCION_TAREA,CODIGO_PROYECTO) values (218,'Z. Romero','Virgin Islands, U.S.',19);
Insert into TM_TAREA (CODIGO_TAREA,NOMBRE_TAREA,DESCRIPCION_TAREA,CODIGO_PROYECTO) values (219,'B. Quijada','Vanuatu',3);
Insert into TM_TAREA (CODIGO_TAREA,NOMBRE_TAREA,DESCRIPCION_TAREA,CODIGO_PROYECTO) values (220,'I. Flores','Qatar',82);
Insert into TM_TAREA (CODIGO_TAREA,NOMBRE_TAREA,DESCRIPCION_TAREA,CODIGO_PROYECTO) values (221,'R. Ortiz','Denmark',15);
Insert into TM_TAREA (CODIGO_TAREA,NOMBRE_TAREA,DESCRIPCION_TAREA,CODIGO_PROYECTO) values (222,'J. Molina','Venezuela',11);
Insert into TM_TAREA (CODIGO_TAREA,NOMBRE_TAREA,DESCRIPCION_TAREA,CODIGO_PROYECTO) values (223,'J. Diaz','Thailand',29);
Insert into TM_TAREA (CODIGO_TAREA,NOMBRE_TAREA,DESCRIPCION_TAREA,CODIGO_PROYECTO) values (224,'X. Guerrero','Jordan',79);
Insert into TM_TAREA (CODIGO_TAREA,NOMBRE_TAREA,DESCRIPCION_TAREA,CODIGO_PROYECTO) values (225,'W. Diaz','Nicaragua',20);
Insert into TM_TAREA (CODIGO_TAREA,NOMBRE_TAREA,DESCRIPCION_TAREA,CODIGO_PROYECTO) values (226,'Q. Martinez','Tuvalu',62);
Insert into TM_TAREA (CODIGO_TAREA,NOMBRE_TAREA,DESCRIPCION_TAREA,CODIGO_PROYECTO) values (227,'Z. Henriquez','Equatorial Guinea',64);
Insert into TM_TAREA (CODIGO_TAREA,NOMBRE_TAREA,DESCRIPCION_TAREA,CODIGO_PROYECTO) values (228,'H. Oviedo','Bulgaria',35);
Insert into TM_TAREA (CODIGO_TAREA,NOMBRE_TAREA,DESCRIPCION_TAREA,CODIGO_PROYECTO) values (229,'L. Mejia','Lithuania',35);
Insert into TM_TAREA (CODIGO_TAREA,NOMBRE_TAREA,DESCRIPCION_TAREA,CODIGO_PROYECTO) values (230,'S. Osorio','Svalbard and Jan Mayen',73);
Insert into TM_TAREA (CODIGO_TAREA,NOMBRE_TAREA,DESCRIPCION_TAREA,CODIGO_PROYECTO) values (231,'Y. Gamez','Bouvet Island',8);
Insert into TM_TAREA (CODIGO_TAREA,NOMBRE_TAREA,DESCRIPCION_TAREA,CODIGO_PROYECTO) values (232,'O. Cruz','Sierra Leone',50);
Insert into TM_TAREA (CODIGO_TAREA,NOMBRE_TAREA,DESCRIPCION_TAREA,CODIGO_PROYECTO) values (233,'I. Mencos','Svalbard and Jan Mayen',59);
Insert into TM_TAREA (CODIGO_TAREA,NOMBRE_TAREA,DESCRIPCION_TAREA,CODIGO_PROYECTO) values (234,'Q. Ayala','Rwanda',43);
Insert into TM_TAREA (CODIGO_TAREA,NOMBRE_TAREA,DESCRIPCION_TAREA,CODIGO_PROYECTO) values (235,'H. Vasquez','Japan',62);
Insert into TM_TAREA (CODIGO_TAREA,NOMBRE_TAREA,DESCRIPCION_TAREA,CODIGO_PROYECTO) values (236,'Q. Vasquez','Ireland',25);
Insert into TM_TAREA (CODIGO_TAREA,NOMBRE_TAREA,DESCRIPCION_TAREA,CODIGO_PROYECTO) values (237,'O. Escobar','Norfolk Island',92);
Insert into TM_TAREA (CODIGO_TAREA,NOMBRE_TAREA,DESCRIPCION_TAREA,CODIGO_PROYECTO) values (238,'K. Ortega','Myanmar',72);
Insert into TM_TAREA (CODIGO_TAREA,NOMBRE_TAREA,DESCRIPCION_TAREA,CODIGO_PROYECTO) values (239,'Y. Fernandez','Denmark',25);
Insert into TM_TAREA (CODIGO_TAREA,NOMBRE_TAREA,DESCRIPCION_TAREA,CODIGO_PROYECTO) values (240,'P. Urbina','Angola',59);
Insert into TM_TAREA (CODIGO_TAREA,NOMBRE_TAREA,DESCRIPCION_TAREA,CODIGO_PROYECTO) values (241,'E. Ponce','Ukraine',35);
Insert into TM_TAREA (CODIGO_TAREA,NOMBRE_TAREA,DESCRIPCION_TAREA,CODIGO_PROYECTO) values (242,'A. Lozano','Italy',61);
Insert into TM_TAREA (CODIGO_TAREA,NOMBRE_TAREA,DESCRIPCION_TAREA,CODIGO_PROYECTO) values (243,'Y. Gomez','Libyan Arab Jamahiriya',97);
Insert into TM_TAREA (CODIGO_TAREA,NOMBRE_TAREA,DESCRIPCION_TAREA,CODIGO_PROYECTO) values (244,'J. Brito','Mongolia',53);
Insert into TM_TAREA (CODIGO_TAREA,NOMBRE_TAREA,DESCRIPCION_TAREA,CODIGO_PROYECTO) values (245,'C. Uceda','Palau',87);
Insert into TM_TAREA (CODIGO_TAREA,NOMBRE_TAREA,DESCRIPCION_TAREA,CODIGO_PROYECTO) values (246,'L. Martinez','Denmark',9);
Insert into TM_TAREA (CODIGO_TAREA,NOMBRE_TAREA,DESCRIPCION_TAREA,CODIGO_PROYECTO) values (247,'I. Carrillo','Cyprus',79);
Insert into TM_TAREA (CODIGO_TAREA,NOMBRE_TAREA,DESCRIPCION_TAREA,CODIGO_PROYECTO) values (248,'Z. Marquez','Bouvet Island',5);
Insert into TM_TAREA (CODIGO_TAREA,NOMBRE_TAREA,DESCRIPCION_TAREA,CODIGO_PROYECTO) values (249,'J. Rivas','Tokelau',48);
Insert into TM_TAREA (CODIGO_TAREA,NOMBRE_TAREA,DESCRIPCION_TAREA,CODIGO_PROYECTO) values (250,'T. Quijada','Afghanistan',17);
Insert into TM_TAREA (CODIGO_TAREA,NOMBRE_TAREA,DESCRIPCION_TAREA,CODIGO_PROYECTO) values (251,'A. Orellana','Ireland',70);
Insert into TM_TAREA (CODIGO_TAREA,NOMBRE_TAREA,DESCRIPCION_TAREA,CODIGO_PROYECTO) values (252,'M. Cabrera','Netherlands Antilles',18);
Insert into TM_TAREA (CODIGO_TAREA,NOMBRE_TAREA,DESCRIPCION_TAREA,CODIGO_PROYECTO) values (253,'Z. Guzman','Micronesia',19);
Insert into TM_TAREA (CODIGO_TAREA,NOMBRE_TAREA,DESCRIPCION_TAREA,CODIGO_PROYECTO) values (254,'X. Duarte','Rwanda',84);
Insert into TM_TAREA (CODIGO_TAREA,NOMBRE_TAREA,DESCRIPCION_TAREA,CODIGO_PROYECTO) values (255,'B. Sanchez','Belize',71);
Insert into TM_TAREA (CODIGO_TAREA,NOMBRE_TAREA,DESCRIPCION_TAREA,CODIGO_PROYECTO) values (256,'U. Valle','Bermuda',89);
Insert into TM_TAREA (CODIGO_TAREA,NOMBRE_TAREA,DESCRIPCION_TAREA,CODIGO_PROYECTO) values (257,'Y. Ponce','Reunion',99);
Insert into TM_TAREA (CODIGO_TAREA,NOMBRE_TAREA,DESCRIPCION_TAREA,CODIGO_PROYECTO) values (258,'W. Valle','Jordan',10);
Insert into TM_TAREA (CODIGO_TAREA,NOMBRE_TAREA,DESCRIPCION_TAREA,CODIGO_PROYECTO) values (259,'L. Reyes','Cyprus',80);
Insert into TM_TAREA (CODIGO_TAREA,NOMBRE_TAREA,DESCRIPCION_TAREA,CODIGO_PROYECTO) values (260,'Y. Alegria','Mali',20);
Insert into TM_TAREA (CODIGO_TAREA,NOMBRE_TAREA,DESCRIPCION_TAREA,CODIGO_PROYECTO) values (261,'G. Rafaelano','Grenada',89);
Insert into TM_TAREA (CODIGO_TAREA,NOMBRE_TAREA,DESCRIPCION_TAREA,CODIGO_PROYECTO) values (262,'S. Sanchez','Brazil',96);
Insert into TM_TAREA (CODIGO_TAREA,NOMBRE_TAREA,DESCRIPCION_TAREA,CODIGO_PROYECTO) values (263,'E. Hilario','Sri Lanka',100);
Insert into TM_TAREA (CODIGO_TAREA,NOMBRE_TAREA,DESCRIPCION_TAREA,CODIGO_PROYECTO) values (264,'Y. Echeverria','United States Minor Outlying Islands',11);
Insert into TM_TAREA (CODIGO_TAREA,NOMBRE_TAREA,DESCRIPCION_TAREA,CODIGO_PROYECTO) values (265,'X. Mencos','Jamaica',88);
Insert into TM_TAREA (CODIGO_TAREA,NOMBRE_TAREA,DESCRIPCION_TAREA,CODIGO_PROYECTO) values (266,'K. Aguilar','San Marino',41);
Insert into TM_TAREA (CODIGO_TAREA,NOMBRE_TAREA,DESCRIPCION_TAREA,CODIGO_PROYECTO) values (267,'G. Rodriguez','Turkey',28);
Insert into TM_TAREA (CODIGO_TAREA,NOMBRE_TAREA,DESCRIPCION_TAREA,CODIGO_PROYECTO) values (268,'U. Quijada','Germany',60);
Insert into TM_TAREA (CODIGO_TAREA,NOMBRE_TAREA,DESCRIPCION_TAREA,CODIGO_PROYECTO) values (269,'X. Alvarenga','Zambia',96);
Insert into TM_TAREA (CODIGO_TAREA,NOMBRE_TAREA,DESCRIPCION_TAREA,CODIGO_PROYECTO) values (270,'X. Garc','Haiti',45);
Insert into TM_TAREA (CODIGO_TAREA,NOMBRE_TAREA,DESCRIPCION_TAREA,CODIGO_PROYECTO) values (271,'Q. Urbina','Kazakhstan',66);
Insert into TM_TAREA (CODIGO_TAREA,NOMBRE_TAREA,DESCRIPCION_TAREA,CODIGO_PROYECTO) values (272,'M. Lozano','Palau',70);
Insert into TM_TAREA (CODIGO_TAREA,NOMBRE_TAREA,DESCRIPCION_TAREA,CODIGO_PROYECTO) values (273,'G. Diaz','Angola',14);
Insert into TM_TAREA (CODIGO_TAREA,NOMBRE_TAREA,DESCRIPCION_TAREA,CODIGO_PROYECTO) values (274,'G. Uceda','Vanuatu',9);
Insert into TM_TAREA (CODIGO_TAREA,NOMBRE_TAREA,DESCRIPCION_TAREA,CODIGO_PROYECTO) values (275,'K. Ponce','Kiribati',14);
Insert into TM_TAREA (CODIGO_TAREA,NOMBRE_TAREA,DESCRIPCION_TAREA,CODIGO_PROYECTO) values (276,'A. Guzman','Yemen',38);
Insert into TM_TAREA (CODIGO_TAREA,NOMBRE_TAREA,DESCRIPCION_TAREA,CODIGO_PROYECTO) values (277,'X. Castro','Macedonia',41);
Insert into TM_TAREA (CODIGO_TAREA,NOMBRE_TAREA,DESCRIPCION_TAREA,CODIGO_PROYECTO) values (278,'M. Pacheco','Luxembourg',32);
Insert into TM_TAREA (CODIGO_TAREA,NOMBRE_TAREA,DESCRIPCION_TAREA,CODIGO_PROYECTO) values (279,'N. Duran','United States',71);
Insert into TM_TAREA (CODIGO_TAREA,NOMBRE_TAREA,DESCRIPCION_TAREA,CODIGO_PROYECTO) values (280,'K. Mencos','Estonia',66);
Insert into TM_TAREA (CODIGO_TAREA,NOMBRE_TAREA,DESCRIPCION_TAREA,CODIGO_PROYECTO) values (281,'Y. Reyes','Latvia',78);
Insert into TM_TAREA (CODIGO_TAREA,NOMBRE_TAREA,DESCRIPCION_TAREA,CODIGO_PROYECTO) values (282,'N. Pena','Antarctica',15);
Insert into TM_TAREA (CODIGO_TAREA,NOMBRE_TAREA,DESCRIPCION_TAREA,CODIGO_PROYECTO) values (283,'Y. Martinez','Tokelau',37);
Insert into TM_TAREA (CODIGO_TAREA,NOMBRE_TAREA,DESCRIPCION_TAREA,CODIGO_PROYECTO) values (284,'P. Urbina','Malawi',53);
Insert into TM_TAREA (CODIGO_TAREA,NOMBRE_TAREA,DESCRIPCION_TAREA,CODIGO_PROYECTO) values (285,'I. Castro','Turkmenistan',23);
Insert into TM_TAREA (CODIGO_TAREA,NOMBRE_TAREA,DESCRIPCION_TAREA,CODIGO_PROYECTO) values (286,'K. Valencia','Macedonia',57);
Insert into TM_TAREA (CODIGO_TAREA,NOMBRE_TAREA,DESCRIPCION_TAREA,CODIGO_PROYECTO) values (287,'T. Lozano','French Polynesia',12);
Insert into TM_TAREA (CODIGO_TAREA,NOMBRE_TAREA,DESCRIPCION_TAREA,CODIGO_PROYECTO) values (288,'R. Mart?nez','Saint Lucia',100);
Insert into TM_TAREA (CODIGO_TAREA,NOMBRE_TAREA,DESCRIPCION_TAREA,CODIGO_PROYECTO) values (289,'A. Diaz','Somalia',79);
Insert into TM_TAREA (CODIGO_TAREA,NOMBRE_TAREA,DESCRIPCION_TAREA,CODIGO_PROYECTO) values (290,'D. Gonzalez','Virgin Islands, U.S.',58);
Insert into TM_TAREA (CODIGO_TAREA,NOMBRE_TAREA,DESCRIPCION_TAREA,CODIGO_PROYECTO) values (291,'W. Cerritos','Cocos (Keeling) Islands',97);
Insert into TM_TAREA (CODIGO_TAREA,NOMBRE_TAREA,DESCRIPCION_TAREA,CODIGO_PROYECTO) values (292,'P. Flores','United States',6);
Insert into TM_TAREA (CODIGO_TAREA,NOMBRE_TAREA,DESCRIPCION_TAREA,CODIGO_PROYECTO) values (293,'C. Alvarenga','Christmas Island',43);
Insert into TM_TAREA (CODIGO_TAREA,NOMBRE_TAREA,DESCRIPCION_TAREA,CODIGO_PROYECTO) values (294,'S. Angel','Hungary',19);
Insert into TM_TAREA (CODIGO_TAREA,NOMBRE_TAREA,DESCRIPCION_TAREA,CODIGO_PROYECTO) values (295,'J. Molina','Marshall Islands',92);
Insert into TM_TAREA (CODIGO_TAREA,NOMBRE_TAREA,DESCRIPCION_TAREA,CODIGO_PROYECTO) values (296,'I. Gamez','Bermuda',71);
Insert into TM_TAREA (CODIGO_TAREA,NOMBRE_TAREA,DESCRIPCION_TAREA,CODIGO_PROYECTO) values (297,'M. Mencos','Anguilla',17);
Insert into TM_TAREA (CODIGO_TAREA,NOMBRE_TAREA,DESCRIPCION_TAREA,CODIGO_PROYECTO) values (298,'D. Urbina','Sierra Leone',39);
Insert into TM_TAREA (CODIGO_TAREA,NOMBRE_TAREA,DESCRIPCION_TAREA,CODIGO_PROYECTO) values (299,'E. Pacheco','Guinea-bissau',95);
Insert into TM_TAREA (CODIGO_TAREA,NOMBRE_TAREA,DESCRIPCION_TAREA,CODIGO_PROYECTO) values (300,'Y. Molina','Czech Republic',96);
Insert into TM_TAREA (CODIGO_TAREA,NOMBRE_TAREA,DESCRIPCION_TAREA,CODIGO_PROYECTO) values (301,'F. Rafaelano','Gibraltar',1);
Insert into TM_TAREA (CODIGO_TAREA,NOMBRE_TAREA,DESCRIPCION_TAREA,CODIGO_PROYECTO) values (302,'K. Alvarenga','Canada',18);
Insert into TM_TAREA (CODIGO_TAREA,NOMBRE_TAREA,DESCRIPCION_TAREA,CODIGO_PROYECTO) values (303,'J. Mejia','Norway',8);
Insert into TM_TAREA (CODIGO_TAREA,NOMBRE_TAREA,DESCRIPCION_TAREA,CODIGO_PROYECTO) values (304,'J. Angel','Germany',80);
Insert into TM_TAREA (CODIGO_TAREA,NOMBRE_TAREA,DESCRIPCION_TAREA,CODIGO_PROYECTO) values (305,'I. Ponce','Bosnia and Herzegovina',93);
Insert into TM_TAREA (CODIGO_TAREA,NOMBRE_TAREA,DESCRIPCION_TAREA,CODIGO_PROYECTO) values (306,'N. Garcia','Lesotho',57);
Insert into TM_TAREA (CODIGO_TAREA,NOMBRE_TAREA,DESCRIPCION_TAREA,CODIGO_PROYECTO) values (307,'W. Brito','Ireland',31);
Insert into TM_TAREA (CODIGO_TAREA,NOMBRE_TAREA,DESCRIPCION_TAREA,CODIGO_PROYECTO) values (308,'Q. Pena','Honduras',24);
Insert into TM_TAREA (CODIGO_TAREA,NOMBRE_TAREA,DESCRIPCION_TAREA,CODIGO_PROYECTO) values (309,'T. Gutierrez','Guam',95);
Insert into TM_TAREA (CODIGO_TAREA,NOMBRE_TAREA,DESCRIPCION_TAREA,CODIGO_PROYECTO) values (310,'M. Tobar','Seychelles',55);
Insert into TM_TAREA (CODIGO_TAREA,NOMBRE_TAREA,DESCRIPCION_TAREA,CODIGO_PROYECTO) values (311,'S. Guerrero','Norfolk Island',62);
Insert into TM_TAREA (CODIGO_TAREA,NOMBRE_TAREA,DESCRIPCION_TAREA,CODIGO_PROYECTO) values (312,'U. Novoa','Ireland',27);
Insert into TM_TAREA (CODIGO_TAREA,NOMBRE_TAREA,DESCRIPCION_TAREA,CODIGO_PROYECTO) values (313,'N. Reyes','Bahrain',7);
Insert into TM_TAREA (CODIGO_TAREA,NOMBRE_TAREA,DESCRIPCION_TAREA,CODIGO_PROYECTO) values (314,'H. Orellana','Austria',13);
Insert into TM_TAREA (CODIGO_TAREA,NOMBRE_TAREA,DESCRIPCION_TAREA,CODIGO_PROYECTO) values (315,'X. Guerrero','Guadeloupe',4);
Insert into TM_TAREA (CODIGO_TAREA,NOMBRE_TAREA,DESCRIPCION_TAREA,CODIGO_PROYECTO) values (316,'T. Perez','Israel',89);
Insert into TM_TAREA (CODIGO_TAREA,NOMBRE_TAREA,DESCRIPCION_TAREA,CODIGO_PROYECTO) values (317,'Q. Trinidad','Egypt',28);
Insert into TM_TAREA (CODIGO_TAREA,NOMBRE_TAREA,DESCRIPCION_TAREA,CODIGO_PROYECTO) values (318,'X. Ochoa','Finland',30);
Insert into TM_TAREA (CODIGO_TAREA,NOMBRE_TAREA,DESCRIPCION_TAREA,CODIGO_PROYECTO) values (319,'L. Brito','Madagascar',54);
Insert into TM_TAREA (CODIGO_TAREA,NOMBRE_TAREA,DESCRIPCION_TAREA,CODIGO_PROYECTO) values (320,'O. Ayala','Iceland',10);
Insert into TM_TAREA (CODIGO_TAREA,NOMBRE_TAREA,DESCRIPCION_TAREA,CODIGO_PROYECTO) values (321,'C. Perez','Tunisia',58);
Insert into TM_TAREA (CODIGO_TAREA,NOMBRE_TAREA,DESCRIPCION_TAREA,CODIGO_PROYECTO) values (322,'K. Rivera','Liechtenstein',6);
Insert into TM_TAREA (CODIGO_TAREA,NOMBRE_TAREA,DESCRIPCION_TAREA,CODIGO_PROYECTO) values (323,'I. Mejia','Canada',14);
Insert into TM_TAREA (CODIGO_TAREA,NOMBRE_TAREA,DESCRIPCION_TAREA,CODIGO_PROYECTO) values (324,'F. Ochoa','Greenland',91);
Insert into TM_TAREA (CODIGO_TAREA,NOMBRE_TAREA,DESCRIPCION_TAREA,CODIGO_PROYECTO) values (325,'X. Echeverria','Anguilla',97);
Insert into TM_TAREA (CODIGO_TAREA,NOMBRE_TAREA,DESCRIPCION_TAREA,CODIGO_PROYECTO) values (326,'T. Cubas','Palau',42);
Insert into TM_TAREA (CODIGO_TAREA,NOMBRE_TAREA,DESCRIPCION_TAREA,CODIGO_PROYECTO) values (327,'O. Oviedo','Equatorial Guinea',83);
Insert into TM_TAREA (CODIGO_TAREA,NOMBRE_TAREA,DESCRIPCION_TAREA,CODIGO_PROYECTO) values (328,'S. Guerrero','Ecuador',32);
Insert into TM_TAREA (CODIGO_TAREA,NOMBRE_TAREA,DESCRIPCION_TAREA,CODIGO_PROYECTO) values (329,'B. Mejia','Nepal',46);
Insert into TM_TAREA (CODIGO_TAREA,NOMBRE_TAREA,DESCRIPCION_TAREA,CODIGO_PROYECTO) values (330,'X. Sanchez','South Africa',37);
Insert into TM_TAREA (CODIGO_TAREA,NOMBRE_TAREA,DESCRIPCION_TAREA,CODIGO_PROYECTO) values (331,'D. Molina','Sudan',62);
Insert into TM_TAREA (CODIGO_TAREA,NOMBRE_TAREA,DESCRIPCION_TAREA,CODIGO_PROYECTO) values (332,'B. Guerrero','Brunei Darussalam',32);
Insert into TM_TAREA (CODIGO_TAREA,NOMBRE_TAREA,DESCRIPCION_TAREA,CODIGO_PROYECTO) values (333,'O. Medrano','Palau',5);
Insert into TM_TAREA (CODIGO_TAREA,NOMBRE_TAREA,DESCRIPCION_TAREA,CODIGO_PROYECTO) values (334,'Y. Pena','United Arab Emirates',91);
Insert into TM_TAREA (CODIGO_TAREA,NOMBRE_TAREA,DESCRIPCION_TAREA,CODIGO_PROYECTO) values (335,'B. Cerritos','Thailand',50);
Insert into TM_TAREA (CODIGO_TAREA,NOMBRE_TAREA,DESCRIPCION_TAREA,CODIGO_PROYECTO) values (336,'G. Morales','Wallis and Futuna',91);
Insert into TM_TAREA (CODIGO_TAREA,NOMBRE_TAREA,DESCRIPCION_TAREA,CODIGO_PROYECTO) values (337,'J. Cubas','Comoros',73);
Insert into TM_TAREA (CODIGO_TAREA,NOMBRE_TAREA,DESCRIPCION_TAREA,CODIGO_PROYECTO) values (338,'U. Rafaelano','American Samoa',5);
Insert into TM_TAREA (CODIGO_TAREA,NOMBRE_TAREA,DESCRIPCION_TAREA,CODIGO_PROYECTO) values (339,'H. Lopez','Honduras',47);
Insert into TM_TAREA (CODIGO_TAREA,NOMBRE_TAREA,DESCRIPCION_TAREA,CODIGO_PROYECTO) values (340,'H. Alvarenga','Sierra Leone',9);
Insert into TM_TAREA (CODIGO_TAREA,NOMBRE_TAREA,DESCRIPCION_TAREA,CODIGO_PROYECTO) values (341,'O. Orellana','Colombia',50);
Insert into TM_TAREA (CODIGO_TAREA,NOMBRE_TAREA,DESCRIPCION_TAREA,CODIGO_PROYECTO) values (342,'M. Beltran','Bahamas',78);
Insert into TM_TAREA (CODIGO_TAREA,NOMBRE_TAREA,DESCRIPCION_TAREA,CODIGO_PROYECTO) values (343,'X. Mart?nez','Guinea-bissau',54);
Insert into TM_TAREA (CODIGO_TAREA,NOMBRE_TAREA,DESCRIPCION_TAREA,CODIGO_PROYECTO) values (344,'E. Ortiz','Moldova',87);
Insert into TM_TAREA (CODIGO_TAREA,NOMBRE_TAREA,DESCRIPCION_TAREA,CODIGO_PROYECTO) values (345,'C. Reyes','Norway',36);
Insert into TM_TAREA (CODIGO_TAREA,NOMBRE_TAREA,DESCRIPCION_TAREA,CODIGO_PROYECTO) values (346,'B. Molina','Belgium',11);
Insert into TM_TAREA (CODIGO_TAREA,NOMBRE_TAREA,DESCRIPCION_TAREA,CODIGO_PROYECTO) values (347,'W. Duarte','South Africa',70);
Insert into TM_TAREA (CODIGO_TAREA,NOMBRE_TAREA,DESCRIPCION_TAREA,CODIGO_PROYECTO) values (348,'W. Mejia','Ghana',24);
Insert into TM_TAREA (CODIGO_TAREA,NOMBRE_TAREA,DESCRIPCION_TAREA,CODIGO_PROYECTO) values (349,'Y. Orellana','Morocco',32);
Insert into TM_TAREA (CODIGO_TAREA,NOMBRE_TAREA,DESCRIPCION_TAREA,CODIGO_PROYECTO) values (350,'L. Flores','Bangladesh',3);
Insert into TM_TAREA (CODIGO_TAREA,NOMBRE_TAREA,DESCRIPCION_TAREA,CODIGO_PROYECTO) values (351,'D. Perez','Russian Federation',96);
Insert into TM_TAREA (CODIGO_TAREA,NOMBRE_TAREA,DESCRIPCION_TAREA,CODIGO_PROYECTO) values (352,'L. Ochoa','Austria',21);
Insert into TM_TAREA (CODIGO_TAREA,NOMBRE_TAREA,DESCRIPCION_TAREA,CODIGO_PROYECTO) values (353,'E. Cubas','Zimbabwe',37);
Insert into TM_TAREA (CODIGO_TAREA,NOMBRE_TAREA,DESCRIPCION_TAREA,CODIGO_PROYECTO) values (354,'R. Duarte','Antarctica',54);
Insert into TM_TAREA (CODIGO_TAREA,NOMBRE_TAREA,DESCRIPCION_TAREA,CODIGO_PROYECTO) values (355,'U. Uceda','Brazil',31);
Insert into TM_TAREA (CODIGO_TAREA,NOMBRE_TAREA,DESCRIPCION_TAREA,CODIGO_PROYECTO) values (356,'W. Urbina','Saint Kitts and Nevis',77);
Insert into TM_TAREA (CODIGO_TAREA,NOMBRE_TAREA,DESCRIPCION_TAREA,CODIGO_PROYECTO) values (357,'S. Medrano','Taiwan, Province of China',52);
Insert into TM_TAREA (CODIGO_TAREA,NOMBRE_TAREA,DESCRIPCION_TAREA,CODIGO_PROYECTO) values (358,'T. Guzman','Uzbekistan',65);
Insert into TM_TAREA (CODIGO_TAREA,NOMBRE_TAREA,DESCRIPCION_TAREA,CODIGO_PROYECTO) values (359,'T. Rivera','Virgin Islands, U.S.',75);
Insert into TM_TAREA (CODIGO_TAREA,NOMBRE_TAREA,DESCRIPCION_TAREA,CODIGO_PROYECTO) values (360,'C. Hilario','Iceland',92);
Insert into TM_TAREA (CODIGO_TAREA,NOMBRE_TAREA,DESCRIPCION_TAREA,CODIGO_PROYECTO) values (361,'Q. Mejia','Congo',76);
Insert into TM_TAREA (CODIGO_TAREA,NOMBRE_TAREA,DESCRIPCION_TAREA,CODIGO_PROYECTO) values (362,'R. Reyes','Swaziland',35);
Insert into TM_TAREA (CODIGO_TAREA,NOMBRE_TAREA,DESCRIPCION_TAREA,CODIGO_PROYECTO) values (363,'C. Hernandez','French Guiana',29);
Insert into TM_TAREA (CODIGO_TAREA,NOMBRE_TAREA,DESCRIPCION_TAREA,CODIGO_PROYECTO) values (364,'F. Contreras','Antigua and Barbuda',67);
Insert into TM_TAREA (CODIGO_TAREA,NOMBRE_TAREA,DESCRIPCION_TAREA,CODIGO_PROYECTO) values (365,'W. Echeverria','American Samoa',9);
Insert into TM_TAREA (CODIGO_TAREA,NOMBRE_TAREA,DESCRIPCION_TAREA,CODIGO_PROYECTO) values (366,'L. Gutierrez','Poland',64);
Insert into TM_TAREA (CODIGO_TAREA,NOMBRE_TAREA,DESCRIPCION_TAREA,CODIGO_PROYECTO) values (367,'T. Rafaelano','Benin',92);
Insert into TM_TAREA (CODIGO_TAREA,NOMBRE_TAREA,DESCRIPCION_TAREA,CODIGO_PROYECTO) values (368,'D. Castro','New Zealand',1);
Insert into TM_TAREA (CODIGO_TAREA,NOMBRE_TAREA,DESCRIPCION_TAREA,CODIGO_PROYECTO) values (369,'L. Perez','Fiji',52);
Insert into TM_TAREA (CODIGO_TAREA,NOMBRE_TAREA,DESCRIPCION_TAREA,CODIGO_PROYECTO) values (370,'B. Cruz','Malta',53);
Insert into TM_TAREA (CODIGO_TAREA,NOMBRE_TAREA,DESCRIPCION_TAREA,CODIGO_PROYECTO) values (371,'T. Romero','Guadeloupe',64);
Insert into TM_TAREA (CODIGO_TAREA,NOMBRE_TAREA,DESCRIPCION_TAREA,CODIGO_PROYECTO) values (372,'X. Gamez','Colombia',95);
Insert into TM_TAREA (CODIGO_TAREA,NOMBRE_TAREA,DESCRIPCION_TAREA,CODIGO_PROYECTO) values (373,'K. Trinidad','Antigua and Barbuda',4);
Insert into TM_TAREA (CODIGO_TAREA,NOMBRE_TAREA,DESCRIPCION_TAREA,CODIGO_PROYECTO) values (374,'N. Duarte','Greenland',1);
Insert into TM_TAREA (CODIGO_TAREA,NOMBRE_TAREA,DESCRIPCION_TAREA,CODIGO_PROYECTO) values (375,'C. Ochoa','Belgium',46);
Insert into TM_TAREA (CODIGO_TAREA,NOMBRE_TAREA,DESCRIPCION_TAREA,CODIGO_PROYECTO) values (376,'O. Perez','Romania',48);
Insert into TM_TAREA (CODIGO_TAREA,NOMBRE_TAREA,DESCRIPCION_TAREA,CODIGO_PROYECTO) values (377,'R. Rafaelano','Ecuador',65);
Insert into TM_TAREA (CODIGO_TAREA,NOMBRE_TAREA,DESCRIPCION_TAREA,CODIGO_PROYECTO) values (378,'U. Martinez','Bosnia and Herzegovina',9);
Insert into TM_TAREA (CODIGO_TAREA,NOMBRE_TAREA,DESCRIPCION_TAREA,CODIGO_PROYECTO) values (379,'U. Calderon','Faroe Islands',37);
Insert into TM_TAREA (CODIGO_TAREA,NOMBRE_TAREA,DESCRIPCION_TAREA,CODIGO_PROYECTO) values (380,'A. Garc','Denmark',60);
Insert into TM_TAREA (CODIGO_TAREA,NOMBRE_TAREA,DESCRIPCION_TAREA,CODIGO_PROYECTO) values (381,'H. Gutierrez','United Arab Emirates',36);
Insert into TM_TAREA (CODIGO_TAREA,NOMBRE_TAREA,DESCRIPCION_TAREA,CODIGO_PROYECTO) values (382,'Y. Aguilar','Swaziland',76);
Insert into TM_TAREA (CODIGO_TAREA,NOMBRE_TAREA,DESCRIPCION_TAREA,CODIGO_PROYECTO) values (383,'V. Garc','Uruguay',38);
Insert into TM_TAREA (CODIGO_TAREA,NOMBRE_TAREA,DESCRIPCION_TAREA,CODIGO_PROYECTO) values (384,'I. Colocho','Poland',31);
Insert into TM_TAREA (CODIGO_TAREA,NOMBRE_TAREA,DESCRIPCION_TAREA,CODIGO_PROYECTO) values (385,'G. Perez','Belgium',16);
Insert into TM_TAREA (CODIGO_TAREA,NOMBRE_TAREA,DESCRIPCION_TAREA,CODIGO_PROYECTO) values (386,'Y. Osorio','Mauritania',2);
Insert into TM_TAREA (CODIGO_TAREA,NOMBRE_TAREA,DESCRIPCION_TAREA,CODIGO_PROYECTO) values (387,'F. Escobar','Belgium',48);
Insert into TM_TAREA (CODIGO_TAREA,NOMBRE_TAREA,DESCRIPCION_TAREA,CODIGO_PROYECTO) values (388,'M. Diaz','Cambodia',62);
Insert into TM_TAREA (CODIGO_TAREA,NOMBRE_TAREA,DESCRIPCION_TAREA,CODIGO_PROYECTO) values (389,'O. Quijada','Pitcairn',6);
Insert into TM_TAREA (CODIGO_TAREA,NOMBRE_TAREA,DESCRIPCION_TAREA,CODIGO_PROYECTO) values (390,'T. Morales','Czech Republic',88);
Insert into TM_TAREA (CODIGO_TAREA,NOMBRE_TAREA,DESCRIPCION_TAREA,CODIGO_PROYECTO) values (391,'Y. Valencia','Paraguay',67);
Insert into TM_TAREA (CODIGO_TAREA,NOMBRE_TAREA,DESCRIPCION_TAREA,CODIGO_PROYECTO) values (392,'M. Mart?nez','Mauritania',53);
Insert into TM_TAREA (CODIGO_TAREA,NOMBRE_TAREA,DESCRIPCION_TAREA,CODIGO_PROYECTO) values (393,'F. Mejia','Sierra Leone',5);
Insert into TM_TAREA (CODIGO_TAREA,NOMBRE_TAREA,DESCRIPCION_TAREA,CODIGO_PROYECTO) values (394,'L. Perez','Tanzania, United Republic of',33);
Insert into TM_TAREA (CODIGO_TAREA,NOMBRE_TAREA,DESCRIPCION_TAREA,CODIGO_PROYECTO) values (395,'A. Flores','Samoa',96);
Insert into TM_TAREA (CODIGO_TAREA,NOMBRE_TAREA,DESCRIPCION_TAREA,CODIGO_PROYECTO) values (396,'I. Alegria','United Kingdom',3);
Insert into TM_TAREA (CODIGO_TAREA,NOMBRE_TAREA,DESCRIPCION_TAREA,CODIGO_PROYECTO) values (397,'F. Alvarado','Guadeloupe',13);
Insert into TM_TAREA (CODIGO_TAREA,NOMBRE_TAREA,DESCRIPCION_TAREA,CODIGO_PROYECTO) values (398,'Y. Beltran','Lesotho',37);
Insert into TM_TAREA (CODIGO_TAREA,NOMBRE_TAREA,DESCRIPCION_TAREA,CODIGO_PROYECTO) values (399,'L. Gutierrez','French Southern Territories',34);
Insert into TM_TAREA (CODIGO_TAREA,NOMBRE_TAREA,DESCRIPCION_TAREA,CODIGO_PROYECTO) values (400,'A. Pena','Falkland Islands (Malvinas)',12);

Insert into TM_USUARIO (CODIGO_USUARIO,NOMBRES_USUARIO,APELLIDOS_USUARIO,NACIMIENTO_USUARIO,PASSWORD_USUARIO) values ('Titiushko','Tito Javier','Miguel Galdamez','19/05/86','tito');
Insert into TM_USUARIO (CODIGO_USUARIO,NOMBRES_USUARIO,APELLIDOS_USUARIO,NACIMIENTO_USUARIO,PASSWORD_USUARIO) values ('Rosa','Francisco Iliana','Vasquez Roscala','27/02/80','20394');
Insert into TM_USUARIO (CODIGO_USUARIO,NOMBRES_USUARIO,APELLIDOS_USUARIO,NACIMIENTO_USUARIO,PASSWORD_USUARIO) values ('It큦 me, Mario','Willian Romeo','Guzman Contreras','25/04/80','12011');
Insert into TM_USUARIO (CODIGO_USUARIO,NOMBRES_USUARIO,APELLIDOS_USUARIO,NACIMIENTO_USUARIO,PASSWORD_USUARIO) values ('Grissel','Ernesto Johanna','Orellana Pacheco','21/06/80','1708');
Insert into TM_USUARIO (CODIGO_USUARIO,NOMBRES_USUARIO,APELLIDOS_USUARIO,NACIMIENTO_USUARIO,PASSWORD_USUARIO) values ('Evelyn','Jesus Claudia','Mencos Mejia','18/08/80','D5T 5N3');
Insert into TM_USUARIO (CODIGO_USUARIO,NOMBRES_USUARIO,APELLIDOS_USUARIO,NACIMIENTO_USUARIO,PASSWORD_USUARIO) values ('Elizabeth','Carmen Hector','Gomez Rafaelano','14/10/80','J3W 5O1');
Insert into TM_USUARIO (CODIGO_USUARIO,NOMBRES_USUARIO,APELLIDOS_USUARIO,NACIMIENTO_USUARIO,PASSWORD_USUARIO) values ('Edenilson','Miguel Jazmin','Trinidad Castro','11/12/80','J7R 5S1');
Insert into TM_USUARIO (CODIGO_USUARIO,NOMBRES_USUARIO,APELLIDOS_USUARIO,NACIMIENTO_USUARIO,PASSWORD_USUARIO) values ('Xiomara','Johanna Jose','Mendoza Valle','06/02/81','Q7Z 7Y6');
Insert into TM_USUARIO (CODIGO_USUARIO,NOMBRES_USUARIO,APELLIDOS_USUARIO,NACIMIENTO_USUARIO,PASSWORD_USUARIO) values ('Lisbeth','Katya Tony','Brito Gomez','01/06/81','K6P 7O4');
Insert into TM_USUARIO (CODIGO_USUARIO,NOMBRES_USUARIO,APELLIDOS_USUARIO,NACIMIENTO_USUARIO,PASSWORD_USUARIO) values ('Jazmin','Jesus Evelyn','Carranza Rodriguez','29/07/81','D8V 3B2');
Insert into TM_USUARIO (CODIGO_USUARIO,NOMBRES_USUARIO,APELLIDOS_USUARIO,NACIMIENTO_USUARIO,PASSWORD_USUARIO) values ('Daniel','Hilario Ivette','Cruz Angel','24/09/81','K5G 4I2');
Insert into TM_USUARIO (CODIGO_USUARIO,NOMBRES_USUARIO,APELLIDOS_USUARIO,NACIMIENTO_USUARIO,PASSWORD_USUARIO) values ('Yamileth','Jairo Claudia','Sorto Uceda','21/11/81','36350');
Insert into TM_USUARIO (CODIGO_USUARIO,NOMBRES_USUARIO,APELLIDOS_USUARIO,NACIMIENTO_USUARIO,PASSWORD_USUARIO) values ('Alfredo','Sandra Karen','Hernandez Cerritos','17/01/82','7692');
Insert into TM_USUARIO (CODIGO_USUARIO,NOMBRES_USUARIO,APELLIDOS_USUARIO,NACIMIENTO_USUARIO,PASSWORD_USUARIO) values ('Erika','Kevin Garcia','Vega Angel','16/03/82','76574');
Insert into TM_USUARIO (CODIGO_USUARIO,NOMBRES_USUARIO,APELLIDOS_USUARIO,NACIMIENTO_USUARIO,PASSWORD_USUARIO) values ('Yosely','Omar Johanna','Cabrera Hernandez','12/05/82','F1V 6H8');
Insert into TM_USUARIO (CODIGO_USUARIO,NOMBRES_USUARIO,APELLIDOS_USUARIO,NACIMIENTO_USUARIO,PASSWORD_USUARIO) values ('Ivette','Lisandro Roxana','Ponce Diaz','09/07/82','O6M 9K4');
Insert into TM_USUARIO (CODIGO_USUARIO,NOMBRES_USUARIO,APELLIDOS_USUARIO,NACIMIENTO_USUARIO,PASSWORD_USUARIO) values ('Alejandra','Jose Anthony','Bonilla Cerritos','04/09/82','67826');
Insert into TM_USUARIO (CODIGO_USUARIO,NOMBRES_USUARIO,APELLIDOS_USUARIO,NACIMIENTO_USUARIO,PASSWORD_USUARIO) values ('Edwin','Grissel Marvin','Cerritos Mencos','01/11/82','9677');
Insert into TM_USUARIO (CODIGO_USUARIO,NOMBRES_USUARIO,APELLIDOS_USUARIO,NACIMIENTO_USUARIO,PASSWORD_USUARIO) values ('Tatiana','Jenifer Ricardo','Oviedo Portillo','28/12/82','C5O 4K9');
Insert into TM_USUARIO (CODIGO_USUARIO,NOMBRES_USUARIO,APELLIDOS_USUARIO,NACIMIENTO_USUARIO,PASSWORD_USUARIO) values ('Sanchez','Gerardo Cecilia','Oviedo Rodriguez','24/02/83','C6A 2Q1');
Insert into TM_USUARIO (CODIGO_USUARIO,NOMBRES_USUARIO,APELLIDOS_USUARIO,NACIMIENTO_USUARIO,PASSWORD_USUARIO) values ('Guillermo','Isabel Alicia','Sanchez Ayala','19/06/83','E3C 5L5');
Insert into TM_USUARIO (CODIGO_USUARIO,NOMBRES_USUARIO,APELLIDOS_USUARIO,NACIMIENTO_USUARIO,PASSWORD_USUARIO) values ('Isabel','Boris Marta','Romero Reyes','15/08/83','35230');
Insert into TM_USUARIO (CODIGO_USUARIO,NOMBRES_USUARIO,APELLIDOS_USUARIO,NACIMIENTO_USUARIO,PASSWORD_USUARIO) values ('Josue','Garcia Rolando','Garcia Lopez','12/10/83','S1F 4T4');
Insert into TM_USUARIO (CODIGO_USUARIO,NOMBRES_USUARIO,APELLIDOS_USUARIO,NACIMIENTO_USUARIO,PASSWORD_USUARIO) values ('Denis','Yosely Ana','Fernandez Gonzalez','08/12/83','41340');
Insert into TM_USUARIO (CODIGO_USUARIO,NOMBRES_USUARIO,APELLIDOS_USUARIO,NACIMIENTO_USUARIO,PASSWORD_USUARIO) values ('Marlene','Yamileth Yosely','Ortiz Galdamez','04/02/84','35960');
Insert into TM_USUARIO (CODIGO_USUARIO,NOMBRES_USUARIO,APELLIDOS_USUARIO,NACIMIENTO_USUARIO,PASSWORD_USUARIO) values ('Emperatriz','Nestor Douglas','Gamez Cabrera','01/04/84','27813');
Insert into TM_USUARIO (CODIGO_USUARIO,NOMBRES_USUARIO,APELLIDOS_USUARIO,NACIMIENTO_USUARIO,PASSWORD_USUARIO) values ('Nestor','Saul Herbert','Ponce Castro','21/09/84','X2J 9E7');
Insert into TM_USUARIO (CODIGO_USUARIO,NOMBRES_USUARIO,APELLIDOS_USUARIO,NACIMIENTO_USUARIO,PASSWORD_USUARIO) values ('Garcia','Tony Alejandro','Ochoa Lopez','17/11/84','67847');
Insert into TM_USUARIO (CODIGO_USUARIO,NOMBRES_USUARIO,APELLIDOS_USUARIO,NACIMIENTO_USUARIO,PASSWORD_USUARIO) values ('Douglas','Xiomara Jesus','Portillo Ortiz','12/03/85','Y6A 1Q6');
Insert into TM_USUARIO (CODIGO_USUARIO,NOMBRES_USUARIO,APELLIDOS_USUARIO,NACIMIENTO_USUARIO,PASSWORD_USUARIO) values ('Iris','Roxana Marlene','Cornejo Tobar','09/05/85','70668');
Insert into TM_USUARIO (CODIGO_USUARIO,NOMBRES_USUARIO,APELLIDOS_USUARIO,NACIMIENTO_USUARIO,PASSWORD_USUARIO) values ('Jenifer','Jenifer Antonio','Gamez Rafaelano','01/09/85','77161');
Insert into TM_USUARIO (CODIGO_USUARIO,NOMBRES_USUARIO,APELLIDOS_USUARIO,NACIMIENTO_USUARIO,PASSWORD_USUARIO) values ('Edgardo','Maria Hector','Colocho Guerrero','28/10/85','F4L 1Z7');
Insert into TM_USUARIO (CODIGO_USUARIO,NOMBRES_USUARIO,APELLIDOS_USUARIO,NACIMIENTO_USUARIO,PASSWORD_USUARIO) values ('Salvador','Maria Alejandra','Oviedo Rivas','25/12/85','12817');
Insert into TM_USUARIO (CODIGO_USUARIO,NOMBRES_USUARIO,APELLIDOS_USUARIO,NACIMIENTO_USUARIO,PASSWORD_USUARIO) values ('Melissa','Carmen Tatiana','Orellana Duarte','20/02/86','M2G 1A2');
Insert into TM_USUARIO (CODIGO_USUARIO,NOMBRES_USUARIO,APELLIDOS_USUARIO,NACIMIENTO_USUARIO,PASSWORD_USUARIO) values ('Maria','Ingris Garcia','Cabrera Alegria','19/04/86','O7G 5M2');
Insert into TM_USUARIO (CODIGO_USUARIO,NOMBRES_USUARIO,APELLIDOS_USUARIO,NACIMIENTO_USUARIO,PASSWORD_USUARIO) values ('Jacqueline','Miguel Abigail','Portillo Mejia','08/10/86','18739');
Insert into TM_USUARIO (CODIGO_USUARIO,NOMBRES_USUARIO,APELLIDOS_USUARIO,NACIMIENTO_USUARIO,PASSWORD_USUARIO) values ('Kevin','Tony Marvin','Ayala Flores','05/12/86','88891');
Insert into TM_USUARIO (CODIGO_USUARIO,NOMBRES_USUARIO,APELLIDOS_USUARIO,NACIMIENTO_USUARIO,PASSWORD_USUARIO) values ('It큦 me, Mario!','Ivan Claudia','Uceda Galdamez','31/01/87','H6C 1W4');
Insert into TM_USUARIO (CODIGO_USUARIO,NOMBRES_USUARIO,APELLIDOS_USUARIO,NACIMIENTO_USUARIO,PASSWORD_USUARIO) values ('Sandra','Tatiana Garcia','Beltran Guerrero','23/07/87','81055');
Insert into TM_USUARIO (CODIGO_USUARIO,NOMBRES_USUARIO,APELLIDOS_USUARIO,NACIMIENTO_USUARIO,PASSWORD_USUARIO) values ('Ana','Rosa Manuel','Brito Duarte','18/09/87','I8P 2B4');
Insert into TM_USUARIO (CODIGO_USUARIO,NOMBRES_USUARIO,APELLIDOS_USUARIO,NACIMIENTO_USUARIO,PASSWORD_USUARIO) values ('Hector','Christian Xiomara','Castro Lopez','15/11/87','S6F 5H1');
Insert into TM_USUARIO (CODIGO_USUARIO,NOMBRES_USUARIO,APELLIDOS_USUARIO,NACIMIENTO_USUARIO,PASSWORD_USUARIO) values ('Alejandro','Ricardo Roxana','Carranza Orantes','09/03/88','U5M 2Q6');
Insert into TM_USUARIO (CODIGO_USUARIO,NOMBRES_USUARIO,APELLIDOS_USUARIO,NACIMIENTO_USUARIO,PASSWORD_USUARIO) values ('Francisco','Claudia Romeo','Lozano Rivera','02/07/88','35128');
Insert into TM_USUARIO (CODIGO_USUARIO,NOMBRES_USUARIO,APELLIDOS_USUARIO,NACIMIENTO_USUARIO,PASSWORD_USUARIO) values ('Marvin','Abigail Ivette','Gutierrez Carranza','25/10/88','I1P 2M0');
Insert into TM_USUARIO (CODIGO_USUARIO,NOMBRES_USUARIO,APELLIDOS_USUARIO,NACIMIENTO_USUARIO,PASSWORD_USUARIO) values ('Jose','Grissel Daniel','Rafaelano Roscala','17/02/89','H3L 8M6');
Insert into TM_USUARIO (CODIGO_USUARIO,NOMBRES_USUARIO,APELLIDOS_USUARIO,NACIMIENTO_USUARIO,PASSWORD_USUARIO) values ('Manuel','Lisandro Tony','Quijada Novoa','15/04/89','J1S 6A1');
Insert into TM_USUARIO (CODIGO_USUARIO,NOMBRES_USUARIO,APELLIDOS_USUARIO,NACIMIENTO_USUARIO,PASSWORD_USUARIO) values ('Vladimir','Isabel Jimmy','Martinez Ponce','12/06/89','20127');
Insert into TM_USUARIO (CODIGO_USUARIO,NOMBRES_USUARIO,APELLIDOS_USUARIO,NACIMIENTO_USUARIO,PASSWORD_USUARIO) values ('Alexander','Jenifer Rolando','Gutierrez Escobar','08/08/89','28285');
Insert into TM_USUARIO (CODIGO_USUARIO,NOMBRES_USUARIO,APELLIDOS_USUARIO,NACIMIENTO_USUARIO,PASSWORD_USUARIO) values ('Ernesto','Lisbeth Carmen','Duran Henriquez','05/10/89','36584');
Insert into TM_USUARIO (CODIGO_USUARIO,NOMBRES_USUARIO,APELLIDOS_USUARIO,NACIMIENTO_USUARIO,PASSWORD_USUARIO) values ('Boris','Giovanni Oscar','Rivas Rodriguez','01/12/89','P6L 3Q0');
Insert into TM_USUARIO (CODIGO_USUARIO,NOMBRES_USUARIO,APELLIDOS_USUARIO,NACIMIENTO_USUARIO,PASSWORD_USUARIO) values ('Marta','Henry Edenilson','Rafaelano Valencia','26/03/90','X7D 1K7');
Insert into TM_USUARIO (CODIGO_USUARIO,NOMBRES_USUARIO,APELLIDOS_USUARIO,NACIMIENTO_USUARIO,PASSWORD_USUARIO) values ('Karen','Erick Edenilson','Lopez Osorio','19/07/90','P5S 5F8');
Insert into TM_USUARIO (CODIGO_USUARIO,NOMBRES_USUARIO,APELLIDOS_USUARIO,NACIMIENTO_USUARIO,PASSWORD_USUARIO) values ('Claudia','Luis Francisco','Garcia Valencia','15/09/90','54502');
Insert into TM_USUARIO (CODIGO_USUARIO,NOMBRES_USUARIO,APELLIDOS_USUARIO,NACIMIENTO_USUARIO,PASSWORD_USUARIO) values ('Rodolfo','Alicia Alexander','Valle Urbina','11/11/90','40678');
Insert into TM_USUARIO (CODIGO_USUARIO,NOMBRES_USUARIO,APELLIDOS_USUARIO,NACIMIENTO_USUARIO,PASSWORD_USUARIO) values ('Ivonne','Edwin Alfredo','Diaz Vega','06/03/91','22651');
Insert into TM_USUARIO (CODIGO_USUARIO,NOMBRES_USUARIO,APELLIDOS_USUARIO,NACIMIENTO_USUARIO,PASSWORD_USUARIO) values ('Beatriz','Nestor Henry','Rodriguez Rivas','29/06/91','N3M 2O4');
Insert into TM_USUARIO (CODIGO_USUARIO,NOMBRES_USUARIO,APELLIDOS_USUARIO,NACIMIENTO_USUARIO,PASSWORD_USUARIO) values ('Abigail','Henry Ernesto','Medrano Romero','26/08/91','85011');
Insert into TM_USUARIO (CODIGO_USUARIO,NOMBRES_USUARIO,APELLIDOS_USUARIO,NACIMIENTO_USUARIO,PASSWORD_USUARIO) values ('Novoa','Yamileth Gerardo','Carrillo Alegria','22/10/91','17665');
Insert into TM_USUARIO (CODIGO_USUARIO,NOMBRES_USUARIO,APELLIDOS_USUARIO,NACIMIENTO_USUARIO,PASSWORD_USUARIO) values ('Carlos','Josue Marlene','Brito Valencia','19/12/91','L1M 9V9');
Insert into TM_USUARIO (CODIGO_USUARIO,NOMBRES_USUARIO,APELLIDOS_USUARIO,NACIMIENTO_USUARIO,PASSWORD_USUARIO) values ('Herbert','Ernesto Elmer','Escobar Duarte','08/06/92','Y5U 5E6');
Insert into TM_USUARIO (CODIGO_USUARIO,NOMBRES_USUARIO,APELLIDOS_USUARIO,NACIMIENTO_USUARIO,PASSWORD_USUARIO) values ('Anthony','Armando Orellana','Marquez Osorio','05/08/92','6779');
Insert into TM_USUARIO (CODIGO_USUARIO,NOMBRES_USUARIO,APELLIDOS_USUARIO,NACIMIENTO_USUARIO,PASSWORD_USUARIO) values ('Erick','Guadalupe Yamileth','Marquez Alvarenga','23/03/93','15668');
Insert into TM_USUARIO (CODIGO_USUARIO,NOMBRES_USUARIO,APELLIDOS_USUARIO,NACIMIENTO_USUARIO,PASSWORD_USUARIO) values ('Jimmy','Yamileth Jose','Ortiz Contreras','19/05/93','X8U 5M7');
Insert into TM_USUARIO (CODIGO_USUARIO,NOMBRES_USUARIO,APELLIDOS_USUARIO,NACIMIENTO_USUARIO,PASSWORD_USUARIO) values ('Tony','Lisandro Alicia','Valencia Pacheco','29/04/94','35251');
Insert into TM_USUARIO (CODIGO_USUARIO,NOMBRES_USUARIO,APELLIDOS_USUARIO,NACIMIENTO_USUARIO,PASSWORD_USUARIO) values ('Ingris','Willian Ingris','Pena Alvarado','09/04/95','6631');
Insert into TM_USUARIO (CODIGO_USUARIO,NOMBRES_USUARIO,APELLIDOS_USUARIO,NACIMIENTO_USUARIO,PASSWORD_USUARIO) values ('Carmen','Marvin Claudia','Valencia Gamez','06/06/95','19087');

-- ------------------------------------------------------
--  Ref Constraints for Table TM_PROYECTO
-- ------------------------------------------------------
ALTER TABLE TM_PROYECTO ADD CONSTRAINT TM_PROYECTO_TM_USUARIO FOREIGN KEY (RESPONSABLE_PROYECTO)
REFERENCES TM_USUARIO (CODIGO_USUARIO)  ON DELETE RESTRICT ON UPDATE RESTRICT;
-- ------------------------------------------------------
--  Ref Constraints for Table TM_RESPONSABLE
-- ------------------------------------------------------
ALTER TABLE TM_RESPONSABLE ADD CONSTRAINT TM_RESPONSABLE_TM_TAREA FOREIGN KEY (CODIGO_TAREA)
REFERENCES TM_TAREA (CODIGO_TAREA)  ON DELETE RESTRICT ON UPDATE RESTRICT;

ALTER TABLE TM_RESPONSABLE ADD CONSTRAINT TM_RESPONSABLE_TM_USUARIO FOREIGN KEY (CODIGO_USUARIO)
REFERENCES TM_USUARIO (CODIGO_USUARIO)  ON DELETE RESTRICT ON UPDATE RESTRICT;
-- ------------------------------------------------------
--  Ref Constraints for Table TM_TAREA
-- ------------------------------------------------------
ALTER TABLE TM_TAREA ADD CONSTRAINT TM_TAREA_TM_PROYECTO FOREIGN KEY (CODIGO_PROYECTO)
REFERENCES TM_PROYECTO (CODIGO_PROYECTO)  ON DELETE RESTRICT ON UPDATE RESTRICT;