DROP DATABASE IF EXISTS seguimiento_proyectos;
-- -- -----------------------------------------------------------------------------------
CREATE DATABASE seguimiento_proyectos DEFAULT CHARACTER SET latin1 COLLATE latin1_bin;
USE seguimiento_proyectos;
-- ------------------------------------------------------
--  DDL for Table usuarios
-- ------------------------------------------------------
CREATE TABLE usuarios(
	codigo_usuario VARCHAR(30) PRIMARY KEY, 
	nombres_usuario VARCHAR(150), 
	apellidos_usuario VARCHAR(150), 
	nacimiento_usuario DATE, 
	password_usuario VARCHAR(32)
);
-- ------------------------------------------------------
--  DDL for Table proyectos
-- ------------------------------------------------------
CREATE TABLE proyectos(
	codigo_proyecto INT(7) PRIMARY KEY,
	nombre_proyecto VARCHAR(150), 
	descripcion_proyecto VARCHAR(255), 
	inicio_proyecto DATE, 
	fin_proyecto DATE, 
	responsable_proyecto VARCHAR(30)
);
-- ------------------------------------------------------
--  DDL for Table tareas
-- ------------------------------------------------------
CREATE TABLE tareas(
	codigo_tarea INT(7) PRIMARY KEY,
	nombre_tarea VARCHAR(150), 
	descripcion_tarea VARCHAR(255), 
	codigo_proyecto INT(7)
);
-- ------------------------------------------------------
--  DDL for Table responsables
-- ------------------------------------------------------
CREATE TABLE responsables(
	codigo_responsable INT(7) PRIMARY KEY,
	codigo_tarea INT(7),
	codigo_usuario VARCHAR(30)
);

INSERT INTO proyectos(codigo_proyecto,nombre_proyecto,descripcion_proyecto,inicio_proyecto,fin_proyecto,responsable_proyecto) VALUES(101,'E. Sorto','San Miguel','1979-01-10','1986-01-07','It큦 me, Mario!');
INSERT INTO proyectos(codigo_proyecto,nombre_proyecto,descripcion_proyecto,inicio_proyecto,fin_proyecto,responsable_proyecto) VALUES(102,'S. Monjaras','San Juan Tepezontes','1979-04-04','1986-03-07','Titiushko');
INSERT INTO proyectos(codigo_proyecto,nombre_proyecto,descripcion_proyecto,inicio_proyecto,fin_proyecto,responsable_proyecto) VALUES(103,'Q. Gonzalez','Sonsonate','1979-06-01','1986-07-01','Alejandro');
INSERT INTO proyectos(codigo_proyecto,nombre_proyecto,descripcion_proyecto,inicio_proyecto,fin_proyecto,responsable_proyecto) VALUES(104,'S. Alegria','Atiquizaya','1979-09-05','1986-06-11','Erick');
INSERT INTO proyectos(codigo_proyecto,nombre_proyecto,descripcion_proyecto,inicio_proyecto,fin_proyecto,responsable_proyecto) VALUES(105,'P. Cruz','Yamabal','1979-10-12','1986-05-04','Edenilson');
INSERT INTO proyectos(codigo_proyecto,nombre_proyecto,descripcion_proyecto,inicio_proyecto,fin_proyecto,responsable_proyecto) VALUES(106,'D. Pozos','Ahuachapan','1979-11-02','1986-04-14','Yosely');
INSERT INTO proyectos(codigo_proyecto,nombre_proyecto,descripcion_proyecto,inicio_proyecto,fin_proyecto,responsable_proyecto) VALUES(107,'A. Gutierrez','Torola','1979-12-09','1986-12-02','Marvin');
INSERT INTO proyectos(codigo_proyecto,nombre_proyecto,descripcion_proyecto,inicio_proyecto,fin_proyecto,responsable_proyecto) VALUES(108,'A. Sorto','Apastepeque','1980-07-08','1986-11-12','Erika');
INSERT INTO proyectos(codigo_proyecto,nombre_proyecto,descripcion_proyecto,inicio_proyecto,fin_proyecto,responsable_proyecto) VALUES(109,'X. Urbina','San Julian','1980-08-15','1986-10-05','Daniel');
INSERT INTO proyectos(codigo_proyecto,nombre_proyecto,descripcion_proyecto,inicio_proyecto,fin_proyecto,responsable_proyecto) VALUES(110,'K. Galdamez','San Antonio Masahuat','1981-03-14','1986-08-08','Daniel');
INSERT INTO proyectos(codigo_proyecto,nombre_proyecto,descripcion_proyecto,inicio_proyecto,fin_proyecto,responsable_proyecto) VALUES(111,'H. Reyes','Paraiso de Osorio','1981-05-11','1986-01-10','Claudia');
INSERT INTO proyectos(codigo_proyecto,nombre_proyecto,descripcion_proyecto,inicio_proyecto,fin_proyecto,responsable_proyecto) VALUES(112,'G. Calderon','Joateca','1981-01-14','1986-02-10','Karen');
INSERT INTO proyectos(codigo_proyecto,nombre_proyecto,descripcion_proyecto,inicio_proyecto,fin_proyecto,responsable_proyecto) VALUES(113,'C. Alvarado','San Vicente','1981-02-04','1985-08-11','Garcia');
INSERT INTO proyectos(codigo_proyecto,nombre_proyecto,descripcion_proyecto,inicio_proyecto,fin_proyecto,responsable_proyecto) VALUES(114,'O. Duarte','San Vicente','1981-09-02','1985-06-14','It큦 me, Mario!');
INSERT INTO proyectos(codigo_proyecto,nombre_proyecto,descripcion_proyecto,inicio_proyecto,fin_proyecto,responsable_proyecto) VALUES(115,'K. Molina','Santa Ana','1981-04-01','1985-05-07','Sandra');
INSERT INTO proyectos(codigo_proyecto,nombre_proyecto,descripcion_proyecto,inicio_proyecto,fin_proyecto,responsable_proyecto) VALUES(116,'J. Ponce','Cuisnahuat','1981-05-08','1985-03-10','Ivette');
INSERT INTO proyectos(codigo_proyecto,nombre_proyecto,descripcion_proyecto,inicio_proyecto,fin_proyecto,responsable_proyecto) VALUES(117,'E. Lozano','Concepcion Quezaltepeque','1981-07-05','1985-12-05','Josue');
INSERT INTO proyectos(codigo_proyecto,nombre_proyecto,descripcion_proyecto,inicio_proyecto,fin_proyecto,responsable_proyecto) VALUES(118,'P. Mendoza','El Congo','1981-08-12','1985-10-08','Titiushko');
INSERT INTO proyectos(codigo_proyecto,nombre_proyecto,descripcion_proyecto,inicio_proyecto,fin_proyecto,responsable_proyecto) VALUES(119,'K. Perez','Morazan','1981-10-09','1985-07-04','Grissel');
INSERT INTO proyectos(codigo_proyecto,nombre_proyecto,descripcion_proyecto,inicio_proyecto,fin_proyecto,responsable_proyecto) VALUES(120,'I. Perez','Ojos de Agua','1981-12-06','1985-04-10','Tatiana');
INSERT INTO proyectos(codigo_proyecto,nombre_proyecto,descripcion_proyecto,inicio_proyecto,fin_proyecto,responsable_proyecto) VALUES(121,'C. Galdamez','La Union','1981-02-01','1985-09-01','Lisbeth');
INSERT INTO proyectos(codigo_proyecto,nombre_proyecto,descripcion_proyecto,inicio_proyecto,fin_proyecto,responsable_proyecto) VALUES(122,'N. Duarte','San Miguel','1981-03-11','1985-02-03','Ivette');
INSERT INTO proyectos(codigo_proyecto,nombre_proyecto,descripcion_proyecto,inicio_proyecto,fin_proyecto,responsable_proyecto) VALUES(123,'H. Duran','Chapeltique','1981-06-15','1985-01-13','Ingris');
INSERT INTO proyectos(codigo_proyecto,nombre_proyecto,descripcion_proyecto,inicio_proyecto,fin_proyecto,responsable_proyecto) VALUES(124,'E. Brito','Chalatenango','1982-01-11','1985-07-07','Ingris');
INSERT INTO proyectos(codigo_proyecto,nombre_proyecto,descripcion_proyecto,inicio_proyecto,fin_proyecto,responsable_proyecto) VALUES(125,'X. Mejia','San Buenaventura','1982-06-12','1985-05-10','Beatriz');
INSERT INTO proyectos(codigo_proyecto,nombre_proyecto,descripcion_proyecto,inicio_proyecto,fin_proyecto,responsable_proyecto) VALUES(126,'H. Flores','Tacuba','1982-08-09','1985-03-13','Iris');
INSERT INTO proyectos(codigo_proyecto,nombre_proyecto,descripcion_proyecto,inicio_proyecto,fin_proyecto,responsable_proyecto) VALUES(127,'A. Castro','La Union','1982-10-06','1985-10-11','Kevin');
INSERT INTO proyectos(codigo_proyecto,nombre_proyecto,descripcion_proyecto,inicio_proyecto,fin_proyecto,responsable_proyecto) VALUES(128,'W. Romero','Santa Ana','1982-11-13','1985-08-14','Maria');
INSERT INTO proyectos(codigo_proyecto,nombre_proyecto,descripcion_proyecto,inicio_proyecto,fin_proyecto,responsable_proyecto) VALUES(129,'P. Calderon','Morazan','1982-12-03','1985-04-03','Alejandro');
INSERT INTO proyectos(codigo_proyecto,nombre_proyecto,descripcion_proyecto,inicio_proyecto,fin_proyecto,responsable_proyecto) VALUES(130,'Y. Ponce','Aguilares','1982-03-08','1985-12-08','Xiomara');
INSERT INTO proyectos(codigo_proyecto,nombre_proyecto,descripcion_proyecto,inicio_proyecto,fin_proyecto,responsable_proyecto) VALUES(131,'Q. Hernandez','San Miguel','1982-04-15','1985-11-01','Vladimir');
INSERT INTO proyectos(codigo_proyecto,nombre_proyecto,descripcion_proyecto,inicio_proyecto,fin_proyecto,responsable_proyecto) VALUES(132,'M. Vega','Morazan','1982-05-05','1985-09-04','Abigail');
INSERT INTO proyectos(codigo_proyecto,nombre_proyecto,descripcion_proyecto,inicio_proyecto,fin_proyecto,responsable_proyecto) VALUES(133,'E. Bonilla','Chirilagua','1982-07-02','1985-06-10','Karen');
INSERT INTO proyectos(codigo_proyecto,nombre_proyecto,descripcion_proyecto,inicio_proyecto,fin_proyecto,responsable_proyecto) VALUES(134,'M. Mejia','La Libertad','1983-01-08','1985-02-06','Yosely');
INSERT INTO proyectos(codigo_proyecto,nombre_proyecto,descripcion_proyecto,inicio_proyecto,fin_proyecto,responsable_proyecto) VALUES(135,'D. Bonilla','Uluazapa','1983-02-15','1984-12-11','Evelyn');
INSERT INTO proyectos(codigo_proyecto,nombre_proyecto,descripcion_proyecto,inicio_proyecto,fin_proyecto,responsable_proyecto) VALUES(136,'Y. Leon','Jayaque','1983-09-13','1984-10-14','Rodolfo');
INSERT INTO proyectos(codigo_proyecto,nombre_proyecto,descripcion_proyecto,inicio_proyecto,fin_proyecto,responsable_proyecto) VALUES(137,'P. Henriquez','Caba?as','1983-11-10','1984-07-10','Iris');
INSERT INTO proyectos(codigo_proyecto,nombre_proyecto,descripcion_proyecto,inicio_proyecto,fin_proyecto,responsable_proyecto) VALUES(138,'W. Perez','San Antonio Masahuat','1983-12-10','1984-06-03','Alfredo');
INSERT INTO proyectos(codigo_proyecto,nombre_proyecto,descripcion_proyecto,inicio_proyecto,fin_proyecto,responsable_proyecto) VALUES(139,'N. Cabrera','San Luis La Herradura','1983-03-05','1984-05-13','Carlos');
INSERT INTO proyectos(codigo_proyecto,nombre_proyecto,descripcion_proyecto,inicio_proyecto,fin_proyecto,responsable_proyecto) VALUES(140,'H. Gamez','Cuscatlan','1983-04-12','1984-04-06','Ana');
INSERT INTO proyectos(codigo_proyecto,nombre_proyecto,descripcion_proyecto,inicio_proyecto,fin_proyecto,responsable_proyecto) VALUES(141,'X. Carrillo','Morazan','1983-05-02','1984-09-07','Rosa');
INSERT INTO proyectos(codigo_proyecto,nombre_proyecto,descripcion_proyecto,inicio_proyecto,fin_proyecto,responsable_proyecto) VALUES(142,'D. Escobar','Guadalupe','1983-06-09','1984-08-10','Kevin');
INSERT INTO proyectos(codigo_proyecto,nombre_proyecto,descripcion_proyecto,inicio_proyecto,fin_proyecto,responsable_proyecto) VALUES(143,'T. Martinez','San Ignacio','1983-08-06','1984-11-04','Ana');
INSERT INTO proyectos(codigo_proyecto,nombre_proyecto,descripcion_proyecto,inicio_proyecto,fin_proyecto,responsable_proyecto) VALUES(144,'M. Molina','El Rosario','1983-10-03','1984-02-09','Jacqueline');
INSERT INTO proyectos(codigo_proyecto,nombre_proyecto,descripcion_proyecto,inicio_proyecto,fin_proyecto,responsable_proyecto) VALUES(145,'C. Cubas','San Salvador','1983-01-05','1984-01-02','Yosely');
INSERT INTO proyectos(codigo_proyecto,nombre_proyecto,descripcion_proyecto,inicio_proyecto,fin_proyecto,responsable_proyecto) VALUES(146,'I. Cruz','La Libertad','1983-02-12','1984-07-13','Garcia');
INSERT INTO proyectos(codigo_proyecto,nombre_proyecto,descripcion_proyecto,inicio_proyecto,fin_proyecto,responsable_proyecto) VALUES(147,'X. Escobar','La Union','1983-10-10','1984-03-02','It큦 me, Mario!');
INSERT INTO proyectos(codigo_proyecto,nombre_proyecto,descripcion_proyecto,inicio_proyecto,fin_proyecto,responsable_proyecto) VALUES(148,'P. Cornejo','La Union','1984-04-09','1984-12-14','Carmen');
INSERT INTO proyectos(codigo_proyecto,nombre_proyecto,descripcion_proyecto,inicio_proyecto,fin_proyecto,responsable_proyecto) VALUES(149,'E. Oviedo','Santa Ana','1984-06-06','1984-11-07','Nestor');
INSERT INTO proyectos(codigo_proyecto,nombre_proyecto,descripcion_proyecto,inicio_proyecto,fin_proyecto,responsable_proyecto) VALUES(150,'I. Medrano','San Miguel','1984-08-03','1984-09-10','Marlene');
INSERT INTO proyectos(codigo_proyecto,nombre_proyecto,descripcion_proyecto,inicio_proyecto,fin_proyecto,responsable_proyecto) VALUES(151,'X. Hernandez','San Salvador','1984-09-10','1984-08-03','Carmen');
INSERT INTO proyectos(codigo_proyecto,nombre_proyecto,descripcion_proyecto,inicio_proyecto,fin_proyecto,responsable_proyecto) VALUES(152,'O. Contreras','Sonsonate','1984-11-07','1984-06-06','Jimmy');
INSERT INTO proyectos(codigo_proyecto,nombre_proyecto,descripcion_proyecto,inicio_proyecto,fin_proyecto,responsable_proyecto) VALUES(153,'C. Medrano','La Laguna','1984-12-14','1984-04-09','Erika');
INSERT INTO proyectos(codigo_proyecto,nombre_proyecto,descripcion_proyecto,inicio_proyecto,fin_proyecto,responsable_proyecto) VALUES(154,'G. Cornejo','San Vicente','1984-03-02','1983-10-10','Alexander');
INSERT INTO proyectos(codigo_proyecto,nombre_proyecto,descripcion_proyecto,inicio_proyecto,fin_proyecto,responsable_proyecto) VALUES(155,'T. Vega','Jayaque','1984-07-13','1983-02-12','Emperatriz');
INSERT INTO proyectos(codigo_proyecto,nombre_proyecto,descripcion_proyecto,inicio_proyecto,fin_proyecto,responsable_proyecto) VALUES(156,'K. Mendoza','Ilobasco','1984-01-02','1983-01-05','It큦 me, Mario');
INSERT INTO proyectos(codigo_proyecto,nombre_proyecto,descripcion_proyecto,inicio_proyecto,fin_proyecto,responsable_proyecto) VALUES(157,'X. Portillo','San Miguel','1984-02-09','1983-10-03','Sanchez');
INSERT INTO proyectos(codigo_proyecto,nombre_proyecto,descripcion_proyecto,inicio_proyecto,fin_proyecto,responsable_proyecto) VALUES(158,'A. Duran','Santa Rosa de Lima','1984-11-04','1983-08-06','Ernesto');
INSERT INTO proyectos(codigo_proyecto,nombre_proyecto,descripcion_proyecto,inicio_proyecto,fin_proyecto,responsable_proyecto) VALUES(159,'N. Sanchez','La Paz','1984-08-10','1983-06-09','Yosely');
INSERT INTO proyectos(codigo_proyecto,nombre_proyecto,descripcion_proyecto,inicio_proyecto,fin_proyecto,responsable_proyecto) VALUES(160,'D. Flores','San Esteban Catarina','1984-09-07','1983-05-02','Edenilson');
INSERT INTO proyectos(codigo_proyecto,nombre_proyecto,descripcion_proyecto,inicio_proyecto,fin_proyecto,responsable_proyecto) VALUES(161,'P. Gamez','Teotepeque','1984-04-06','1983-04-12','Maria');
INSERT INTO proyectos(codigo_proyecto,nombre_proyecto,descripcion_proyecto,inicio_proyecto,fin_proyecto,responsable_proyecto) VALUES(162,'R. Oviedo','San Rafael','1984-05-13','1983-03-05','It큦 me, Mario!');
INSERT INTO proyectos(codigo_proyecto,nombre_proyecto,descripcion_proyecto,inicio_proyecto,fin_proyecto,responsable_proyecto) VALUES(163,'D. Carrillo','Cuscatlan','1984-06-03','1983-12-10','Jacqueline');
INSERT INTO proyectos(codigo_proyecto,nombre_proyecto,descripcion_proyecto,inicio_proyecto,fin_proyecto,responsable_proyecto) VALUES(164,'S. Henriquez','San Isidro Labrador','1984-07-10','1983-11-10','Lisbeth');
INSERT INTO proyectos(codigo_proyecto,nombre_proyecto,descripcion_proyecto,inicio_proyecto,fin_proyecto,responsable_proyecto) VALUES(165,'D. Fernandez','Ahuachapan','1984-10-14','1983-09-13','Ana');
INSERT INTO proyectos(codigo_proyecto,nombre_proyecto,descripcion_proyecto,inicio_proyecto,fin_proyecto,responsable_proyecto) VALUES(166,'F. Mart?nez','Santa Ana','1984-12-11','1983-02-15','Abigail');
INSERT INTO proyectos(codigo_proyecto,nombre_proyecto,descripcion_proyecto,inicio_proyecto,fin_proyecto,responsable_proyecto) VALUES(167,'Q. Reyes','San Cayetano Istepeque','1985-02-06','1983-01-08','Carlos');
INSERT INTO proyectos(codigo_proyecto,nombre_proyecto,descripcion_proyecto,inicio_proyecto,fin_proyecto,responsable_proyecto) VALUES(168,'E. Urbina','Cuscatlan','1985-06-10','1982-07-02','Rodolfo');
INSERT INTO proyectos(codigo_proyecto,nombre_proyecto,descripcion_proyecto,inicio_proyecto,fin_proyecto,responsable_proyecto) VALUES(169,'P. Orantes','Candelaria','1985-09-04','1982-05-05','Nestor');
INSERT INTO proyectos(codigo_proyecto,nombre_proyecto,descripcion_proyecto,inicio_proyecto,fin_proyecto,responsable_proyecto) VALUES(170,'P. Oviedo','Usulutan','1985-11-01','1982-04-15','Marlene');
INSERT INTO proyectos(codigo_proyecto,nombre_proyecto,descripcion_proyecto,inicio_proyecto,fin_proyecto,responsable_proyecto) VALUES(171,'A. Rivera','Tejutla','1985-12-08','1982-03-08','Ingris');
INSERT INTO proyectos(codigo_proyecto,nombre_proyecto,descripcion_proyecto,inicio_proyecto,fin_proyecto,responsable_proyecto) VALUES(172,'N. Reyes','San Salvador','1985-04-03','1982-12-03','Lisbeth');
INSERT INTO proyectos(codigo_proyecto,nombre_proyecto,descripcion_proyecto,inicio_proyecto,fin_proyecto,responsable_proyecto) VALUES(173,'X. Garcia','Tepecoyo','1985-08-14','1982-11-13','Yamileth');
INSERT INTO proyectos(codigo_proyecto,nombre_proyecto,descripcion_proyecto,inicio_proyecto,fin_proyecto,responsable_proyecto) VALUES(174,'X. Duarte','Usulutan','1985-10-11','1982-10-06','Denis');
INSERT INTO proyectos(codigo_proyecto,nombre_proyecto,descripcion_proyecto,inicio_proyecto,fin_proyecto,responsable_proyecto) VALUES(175,'G. Cubas','Yoloaiquin','1985-03-13','1982-08-09','Marlene');
INSERT INTO proyectos(codigo_proyecto,nombre_proyecto,descripcion_proyecto,inicio_proyecto,fin_proyecto,responsable_proyecto) VALUES(176,'T. Angel','San Buenaventura','1985-05-10','1982-06-12','Evelyn');
INSERT INTO proyectos(codigo_proyecto,nombre_proyecto,descripcion_proyecto,inicio_proyecto,fin_proyecto,responsable_proyecto) VALUES(177,'C. Hernandez','Cuscatlan','1985-07-07','1982-01-11','Alexander');
INSERT INTO proyectos(codigo_proyecto,nombre_proyecto,descripcion_proyecto,inicio_proyecto,fin_proyecto,responsable_proyecto) VALUES(178,'B. Colocho','San Fernando','1985-01-13','1981-06-15','Alfredo');
INSERT INTO proyectos(codigo_proyecto,nombre_proyecto,descripcion_proyecto,inicio_proyecto,fin_proyecto,responsable_proyecto) VALUES(179,'J. Alegria','Caba?as','1985-02-03','1981-03-11','Daniel');
INSERT INTO proyectos(codigo_proyecto,nombre_proyecto,descripcion_proyecto,inicio_proyecto,fin_proyecto,responsable_proyecto) VALUES(180,'V. Ortega','La Libertad','1985-09-01','1981-02-01','Douglas');
INSERT INTO proyectos(codigo_proyecto,nombre_proyecto,descripcion_proyecto,inicio_proyecto,fin_proyecto,responsable_proyecto) VALUES(181,'D. Trinidad','Tecoluca','1985-04-10','1981-12-06','Evelyn');
INSERT INTO proyectos(codigo_proyecto,nombre_proyecto,descripcion_proyecto,inicio_proyecto,fin_proyecto,responsable_proyecto) VALUES(182,'C. Lozano','Caba?as','1985-07-04','1981-10-09','Erika');
INSERT INTO proyectos(codigo_proyecto,nombre_proyecto,descripcion_proyecto,inicio_proyecto,fin_proyecto,responsable_proyecto) VALUES(183,'J. Castro','Santa Ana','1985-10-08','1981-08-12','Alejandro');
INSERT INTO proyectos(codigo_proyecto,nombre_proyecto,descripcion_proyecto,inicio_proyecto,fin_proyecto,responsable_proyecto) VALUES(184,'U. Ortega','Usulutan','1985-12-05','1981-07-05','It큦 me, Mario!');
INSERT INTO proyectos(codigo_proyecto,nombre_proyecto,descripcion_proyecto,inicio_proyecto,fin_proyecto,responsable_proyecto) VALUES(185,'C. Ponce','Sonsonate','1985-03-10','1981-05-08','Boris');
INSERT INTO proyectos(codigo_proyecto,nombre_proyecto,descripcion_proyecto,inicio_proyecto,fin_proyecto,responsable_proyecto) VALUES(186,'Z. Cerritos','San Jose Villanueva','1985-05-07','1981-04-01','Daniel');
INSERT INTO proyectos(codigo_proyecto,nombre_proyecto,descripcion_proyecto,inicio_proyecto,fin_proyecto,responsable_proyecto) VALUES(187,'G. Osorio','Nahuizalco','1985-06-14','1981-09-02','Evelyn');
INSERT INTO proyectos(codigo_proyecto,nombre_proyecto,descripcion_proyecto,inicio_proyecto,fin_proyecto,responsable_proyecto) VALUES(188,'Q. Alvarenga','San Antonio Pajonal','1985-08-11','1981-02-04','Ana');
INSERT INTO proyectos(codigo_proyecto,nombre_proyecto,descripcion_proyecto,inicio_proyecto,fin_proyecto,responsable_proyecto) VALUES(189,'X. Vasquez','Santa Rosa Guachipilin','1986-02-10','1981-01-14','Sandra');
INSERT INTO proyectos(codigo_proyecto,nombre_proyecto,descripcion_proyecto,inicio_proyecto,fin_proyecto,responsable_proyecto) VALUES(190,'T. Cubas','Santa Ana','1986-01-10','1981-05-11','Anthony');
INSERT INTO proyectos(codigo_proyecto,nombre_proyecto,descripcion_proyecto,inicio_proyecto,fin_proyecto,responsable_proyecto) VALUES(191,'A. Molina','Sonsonate','1986-08-08','1981-03-14','Jose');
INSERT INTO proyectos(codigo_proyecto,nombre_proyecto,descripcion_proyecto,inicio_proyecto,fin_proyecto,responsable_proyecto) VALUES(192,'J. Quijada','San Miguel','1986-10-05','1980-08-15','Josue');
INSERT INTO proyectos(codigo_proyecto,nombre_proyecto,descripcion_proyecto,inicio_proyecto,fin_proyecto,responsable_proyecto) VALUES(193,'P. Mejia','Santa Ana','1986-11-12','1980-07-08','Herbert');
INSERT INTO proyectos(codigo_proyecto,nombre_proyecto,descripcion_proyecto,inicio_proyecto,fin_proyecto,responsable_proyecto) VALUES(194,'K. Ortega','La Union','1986-12-02','1979-12-09','Ingris');
INSERT INTO proyectos(codigo_proyecto,nombre_proyecto,descripcion_proyecto,inicio_proyecto,fin_proyecto,responsable_proyecto) VALUES(195,'Q. Roscala','Ahuachapan','1986-04-14','1979-11-02','Lisbeth');
INSERT INTO proyectos(codigo_proyecto,nombre_proyecto,descripcion_proyecto,inicio_proyecto,fin_proyecto,responsable_proyecto) VALUES(196,'Y. Tobar','Concepcion Batres','1986-05-04','1979-10-12','Xiomara');
INSERT INTO proyectos(codigo_proyecto,nombre_proyecto,descripcion_proyecto,inicio_proyecto,fin_proyecto,responsable_proyecto) VALUES(197,'D. Mart?nez','San Antonio del Monte','1986-06-11','1979-09-05','Jenifer');
INSERT INTO proyectos(codigo_proyecto,nombre_proyecto,descripcion_proyecto,inicio_proyecto,fin_proyecto,responsable_proyecto) VALUES(198,'Y. Lopez','Panchimalco','1986-07-01','1979-06-01','Marta');
INSERT INTO proyectos(codigo_proyecto,nombre_proyecto,descripcion_proyecto,inicio_proyecto,fin_proyecto,responsable_proyecto) VALUES(199,'D. Mart?nez','El Carrizal','1986-03-07','1979-04-04','Nestor');
INSERT INTO proyectos(codigo_proyecto,nombre_proyecto,descripcion_proyecto,inicio_proyecto,fin_proyecto,responsable_proyecto) VALUES(200,'K. Guerrero','La Paz','1986-01-07','1979-01-10','Edwin');

INSERT INTO responsables(codigo_responsable,codigo_tarea,codigo_usuario) VALUES(201,103,'Jenifer');
INSERT INTO responsables(codigo_responsable,codigo_tarea,codigo_usuario) VALUES(202,11,'Erika');
INSERT INTO responsables(codigo_responsable,codigo_tarea,codigo_usuario) VALUES(203,112,'Erick');
INSERT INTO responsables(codigo_responsable,codigo_tarea,codigo_usuario) VALUES(204,71,'It큦 me, Mario');
INSERT INTO responsables(codigo_responsable,codigo_tarea,codigo_usuario) VALUES(205,98,'Ivonne');
INSERT INTO responsables(codigo_responsable,codigo_tarea,codigo_usuario) VALUES(206,94,'Marta');
INSERT INTO responsables(codigo_responsable,codigo_tarea,codigo_usuario) VALUES(207,5,'Daniel');
INSERT INTO responsables(codigo_responsable,codigo_tarea,codigo_usuario) VALUES(208,172,'Yosely');
INSERT INTO responsables(codigo_responsable,codigo_tarea,codigo_usuario) VALUES(209,78,'Erika');
INSERT INTO responsables(codigo_responsable,codigo_tarea,codigo_usuario) VALUES(210,100,'Marta');
INSERT INTO responsables(codigo_responsable,codigo_tarea,codigo_usuario) VALUES(211,60,'Ernesto');
INSERT INTO responsables(codigo_responsable,codigo_tarea,codigo_usuario) VALUES(212,172,'Nestor');
INSERT INTO responsables(codigo_responsable,codigo_tarea,codigo_usuario) VALUES(213,195,'Marta');
INSERT INTO responsables(codigo_responsable,codigo_tarea,codigo_usuario) VALUES(214,180,'Titiushko');
INSERT INTO responsables(codigo_responsable,codigo_tarea,codigo_usuario) VALUES(215,26,'Yosely');
INSERT INTO responsables(codigo_responsable,codigo_tarea,codigo_usuario) VALUES(216,20,'Guillermo');
INSERT INTO responsables(codigo_responsable,codigo_tarea,codigo_usuario) VALUES(217,197,'Rosa');
INSERT INTO responsables(codigo_responsable,codigo_tarea,codigo_usuario) VALUES(218,84,'Alejandro');
INSERT INTO responsables(codigo_responsable,codigo_tarea,codigo_usuario) VALUES(219,52,'Abigail');
INSERT INTO responsables(codigo_responsable,codigo_tarea,codigo_usuario) VALUES(220,66,'Evelyn');
INSERT INTO responsables(codigo_responsable,codigo_tarea,codigo_usuario) VALUES(221,35,'Jose');
INSERT INTO responsables(codigo_responsable,codigo_tarea,codigo_usuario) VALUES(222,161,'Evelyn');
INSERT INTO responsables(codigo_responsable,codigo_tarea,codigo_usuario) VALUES(223,90,'Guillermo');
INSERT INTO responsables(codigo_responsable,codigo_tarea,codigo_usuario) VALUES(224,61,'Karen');
INSERT INTO responsables(codigo_responsable,codigo_tarea,codigo_usuario) VALUES(225,59,'Isabel');
INSERT INTO responsables(codigo_responsable,codigo_tarea,codigo_usuario) VALUES(226,161,'Tatiana');
INSERT INTO responsables(codigo_responsable,codigo_tarea,codigo_usuario) VALUES(227,88,'Carlos');
INSERT INTO responsables(codigo_responsable,codigo_tarea,codigo_usuario) VALUES(228,154,'Vladimir');
INSERT INTO responsables(codigo_responsable,codigo_tarea,codigo_usuario) VALUES(229,19,'Isabel');
INSERT INTO responsables(codigo_responsable,codigo_tarea,codigo_usuario) VALUES(230,35,'Elizabeth');
INSERT INTO responsables(codigo_responsable,codigo_tarea,codigo_usuario) VALUES(231,197,'Marta');
INSERT INTO responsables(codigo_responsable,codigo_tarea,codigo_usuario) VALUES(232,96,'Yamileth');
INSERT INTO responsables(codigo_responsable,codigo_tarea,codigo_usuario) VALUES(233,65,'Ivette');
INSERT INTO responsables(codigo_responsable,codigo_tarea,codigo_usuario) VALUES(234,132,'Carmen');
INSERT INTO responsables(codigo_responsable,codigo_tarea,codigo_usuario) VALUES(235,168,'Carmen');
INSERT INTO responsables(codigo_responsable,codigo_tarea,codigo_usuario) VALUES(236,36,'Hector');
INSERT INTO responsables(codigo_responsable,codigo_tarea,codigo_usuario) VALUES(237,147,'Edgardo');
INSERT INTO responsables(codigo_responsable,codigo_tarea,codigo_usuario) VALUES(238,3,'Rodolfo');
INSERT INTO responsables(codigo_responsable,codigo_tarea,codigo_usuario) VALUES(239,149,'Rodolfo');
INSERT INTO responsables(codigo_responsable,codigo_tarea,codigo_usuario) VALUES(240,125,'Tony');
INSERT INTO responsables(codigo_responsable,codigo_tarea,codigo_usuario) VALUES(241,15,'Salvador');
INSERT INTO responsables(codigo_responsable,codigo_tarea,codigo_usuario) VALUES(242,197,'Boris');
INSERT INTO responsables(codigo_responsable,codigo_tarea,codigo_usuario) VALUES(243,91,'Lisbeth');
INSERT INTO responsables(codigo_responsable,codigo_tarea,codigo_usuario) VALUES(244,112,'Iris');
INSERT INTO responsables(codigo_responsable,codigo_tarea,codigo_usuario) VALUES(245,19,'Josue');
INSERT INTO responsables(codigo_responsable,codigo_tarea,codigo_usuario) VALUES(246,64,'It큦 me, Mario');
INSERT INTO responsables(codigo_responsable,codigo_tarea,codigo_usuario) VALUES(247,144,'Xiomara');
INSERT INTO responsables(codigo_responsable,codigo_tarea,codigo_usuario) VALUES(248,148,'Jose');
INSERT INTO responsables(codigo_responsable,codigo_tarea,codigo_usuario) VALUES(249,109,'Isabel');
INSERT INTO responsables(codigo_responsable,codigo_tarea,codigo_usuario) VALUES(250,155,'Douglas');
INSERT INTO responsables(codigo_responsable,codigo_tarea,codigo_usuario) VALUES(251,58,'Tatiana');
INSERT INTO responsables(codigo_responsable,codigo_tarea,codigo_usuario) VALUES(252,182,'Yamileth');
INSERT INTO responsables(codigo_responsable,codigo_tarea,codigo_usuario) VALUES(253,35,'Grissel');
INSERT INTO responsables(codigo_responsable,codigo_tarea,codigo_usuario) VALUES(254,20,'Isabel');
INSERT INTO responsables(codigo_responsable,codigo_tarea,codigo_usuario) VALUES(255,183,'Novoa');
INSERT INTO responsables(codigo_responsable,codigo_tarea,codigo_usuario) VALUES(256,164,'Anthony');
INSERT INTO responsables(codigo_responsable,codigo_tarea,codigo_usuario) VALUES(257,146,'Josue');
INSERT INTO responsables(codigo_responsable,codigo_tarea,codigo_usuario) VALUES(258,8,'Manuel');
INSERT INTO responsables(codigo_responsable,codigo_tarea,codigo_usuario) VALUES(259,69,'Elizabeth');
INSERT INTO responsables(codigo_responsable,codigo_tarea,codigo_usuario) VALUES(260,45,'Herbert');
INSERT INTO responsables(codigo_responsable,codigo_tarea,codigo_usuario) VALUES(261,194,'Manuel');
INSERT INTO responsables(codigo_responsable,codigo_tarea,codigo_usuario) VALUES(262,69,'Maria');
INSERT INTO responsables(codigo_responsable,codigo_tarea,codigo_usuario) VALUES(263,66,'Daniel');
INSERT INTO responsables(codigo_responsable,codigo_tarea,codigo_usuario) VALUES(264,174,'Melissa');
INSERT INTO responsables(codigo_responsable,codigo_tarea,codigo_usuario) VALUES(265,128,'Boris');
INSERT INTO responsables(codigo_responsable,codigo_tarea,codigo_usuario) VALUES(266,154,'Lisbeth');
INSERT INTO responsables(codigo_responsable,codigo_tarea,codigo_usuario) VALUES(267,123,'Sandra');
INSERT INTO responsables(codigo_responsable,codigo_tarea,codigo_usuario) VALUES(268,102,'Jimmy');
INSERT INTO responsables(codigo_responsable,codigo_tarea,codigo_usuario) VALUES(269,97,'Hector');
INSERT INTO responsables(codigo_responsable,codigo_tarea,codigo_usuario) VALUES(270,12,'Marvin');
INSERT INTO responsables(codigo_responsable,codigo_tarea,codigo_usuario) VALUES(271,192,'Rosa');
INSERT INTO responsables(codigo_responsable,codigo_tarea,codigo_usuario) VALUES(272,178,'Novoa');
INSERT INTO responsables(codigo_responsable,codigo_tarea,codigo_usuario) VALUES(273,52,'Alejandra');
INSERT INTO responsables(codigo_responsable,codigo_tarea,codigo_usuario) VALUES(274,193,'Karen');
INSERT INTO responsables(codigo_responsable,codigo_tarea,codigo_usuario) VALUES(275,22,'Elizabeth');
INSERT INTO responsables(codigo_responsable,codigo_tarea,codigo_usuario) VALUES(276,152,'Titiushko');
INSERT INTO responsables(codigo_responsable,codigo_tarea,codigo_usuario) VALUES(277,144,'Novoa');
INSERT INTO responsables(codigo_responsable,codigo_tarea,codigo_usuario) VALUES(278,48,'Francisco');
INSERT INTO responsables(codigo_responsable,codigo_tarea,codigo_usuario) VALUES(279,162,'Carmen');
INSERT INTO responsables(codigo_responsable,codigo_tarea,codigo_usuario) VALUES(280,175,'Erick');
INSERT INTO responsables(codigo_responsable,codigo_tarea,codigo_usuario) VALUES(281,121,'Erick');
INSERT INTO responsables(codigo_responsable,codigo_tarea,codigo_usuario) VALUES(282,127,'Nestor');
INSERT INTO responsables(codigo_responsable,codigo_tarea,codigo_usuario) VALUES(283,164,'Novoa');
INSERT INTO responsables(codigo_responsable,codigo_tarea,codigo_usuario) VALUES(284,197,'Novoa');
INSERT INTO responsables(codigo_responsable,codigo_tarea,codigo_usuario) VALUES(285,134,'Ana');
INSERT INTO responsables(codigo_responsable,codigo_tarea,codigo_usuario) VALUES(286,179,'Sandra');
INSERT INTO responsables(codigo_responsable,codigo_tarea,codigo_usuario) VALUES(287,176,'Carlos');
INSERT INTO responsables(codigo_responsable,codigo_tarea,codigo_usuario) VALUES(288,167,'Ivonne');
INSERT INTO responsables(codigo_responsable,codigo_tarea,codigo_usuario) VALUES(289,133,'Beatriz');
INSERT INTO responsables(codigo_responsable,codigo_tarea,codigo_usuario) VALUES(290,154,'Erika');
INSERT INTO responsables(codigo_responsable,codigo_tarea,codigo_usuario) VALUES(291,150,'Titiushko');
INSERT INTO responsables(codigo_responsable,codigo_tarea,codigo_usuario) VALUES(292,35,'Melissa');
INSERT INTO responsables(codigo_responsable,codigo_tarea,codigo_usuario) VALUES(293,69,'Anthony');
INSERT INTO responsables(codigo_responsable,codigo_tarea,codigo_usuario) VALUES(294,3,'Douglas');
INSERT INTO responsables(codigo_responsable,codigo_tarea,codigo_usuario) VALUES(295,34,'Ana');
INSERT INTO responsables(codigo_responsable,codigo_tarea,codigo_usuario) VALUES(296,152,'Ingris');
INSERT INTO responsables(codigo_responsable,codigo_tarea,codigo_usuario) VALUES(297,90,'Erick');
INSERT INTO responsables(codigo_responsable,codigo_tarea,codigo_usuario) VALUES(298,75,'Iris');
INSERT INTO responsables(codigo_responsable,codigo_tarea,codigo_usuario) VALUES(299,179,'Beatriz');
INSERT INTO responsables(codigo_responsable,codigo_tarea,codigo_usuario) VALUES(300,67,'Titiushko');
INSERT INTO responsables(codigo_responsable,codigo_tarea,codigo_usuario) VALUES(301,147,'Vladimir');
INSERT INTO responsables(codigo_responsable,codigo_tarea,codigo_usuario) VALUES(302,121,'Francisco');
INSERT INTO responsables(codigo_responsable,codigo_tarea,codigo_usuario) VALUES(303,135,'Xiomara');
INSERT INTO responsables(codigo_responsable,codigo_tarea,codigo_usuario) VALUES(304,131,'Lisbeth');
INSERT INTO responsables(codigo_responsable,codigo_tarea,codigo_usuario) VALUES(305,190,'Marta');
INSERT INTO responsables(codigo_responsable,codigo_tarea,codigo_usuario) VALUES(306,90,'Claudia');
INSERT INTO responsables(codigo_responsable,codigo_tarea,codigo_usuario) VALUES(307,53,'Alexander');
INSERT INTO responsables(codigo_responsable,codigo_tarea,codigo_usuario) VALUES(308,93,'Jose');
INSERT INTO responsables(codigo_responsable,codigo_tarea,codigo_usuario) VALUES(309,168,'Elizabeth');
INSERT INTO responsables(codigo_responsable,codigo_tarea,codigo_usuario) VALUES(310,132,'Novoa');
INSERT INTO responsables(codigo_responsable,codigo_tarea,codigo_usuario) VALUES(311,81,'Anthony');
INSERT INTO responsables(codigo_responsable,codigo_tarea,codigo_usuario) VALUES(312,103,'Maria');
INSERT INTO responsables(codigo_responsable,codigo_tarea,codigo_usuario) VALUES(313,33,'Edwin');
INSERT INTO responsables(codigo_responsable,codigo_tarea,codigo_usuario) VALUES(314,198,'Jimmy');
INSERT INTO responsables(codigo_responsable,codigo_tarea,codigo_usuario) VALUES(315,170,'Novoa');
INSERT INTO responsables(codigo_responsable,codigo_tarea,codigo_usuario) VALUES(316,112,'Alexander');
INSERT INTO responsables(codigo_responsable,codigo_tarea,codigo_usuario) VALUES(317,134,'Beatriz');
INSERT INTO responsables(codigo_responsable,codigo_tarea,codigo_usuario) VALUES(318,38,'Alexander');
INSERT INTO responsables(codigo_responsable,codigo_tarea,codigo_usuario) VALUES(319,70,'Garcia');
INSERT INTO responsables(codigo_responsable,codigo_tarea,codigo_usuario) VALUES(320,69,'Abigail');
INSERT INTO responsables(codigo_responsable,codigo_tarea,codigo_usuario) VALUES(321,21,'Alejandro');
INSERT INTO responsables(codigo_responsable,codigo_tarea,codigo_usuario) VALUES(322,1,'Claudia');
INSERT INTO responsables(codigo_responsable,codigo_tarea,codigo_usuario) VALUES(323,131,'Denis');
INSERT INTO responsables(codigo_responsable,codigo_tarea,codigo_usuario) VALUES(324,125,'Jimmy');
INSERT INTO responsables(codigo_responsable,codigo_tarea,codigo_usuario) VALUES(325,43,'Iris');
INSERT INTO responsables(codigo_responsable,codigo_tarea,codigo_usuario) VALUES(326,37,'Alexander');
INSERT INTO responsables(codigo_responsable,codigo_tarea,codigo_usuario) VALUES(327,102,'Manuel');
INSERT INTO responsables(codigo_responsable,codigo_tarea,codigo_usuario) VALUES(328,29,'Herbert');
INSERT INTO responsables(codigo_responsable,codigo_tarea,codigo_usuario) VALUES(329,152,'Ernesto');
INSERT INTO responsables(codigo_responsable,codigo_tarea,codigo_usuario) VALUES(330,97,'Edenilson');
INSERT INTO responsables(codigo_responsable,codigo_tarea,codigo_usuario) VALUES(331,135,'Sanchez');
INSERT INTO responsables(codigo_responsable,codigo_tarea,codigo_usuario) VALUES(332,132,'Anthony');
INSERT INTO responsables(codigo_responsable,codigo_tarea,codigo_usuario) VALUES(333,96,'Xiomara');
INSERT INTO responsables(codigo_responsable,codigo_tarea,codigo_usuario) VALUES(334,130,'Ingris');
INSERT INTO responsables(codigo_responsable,codigo_tarea,codigo_usuario) VALUES(335,179,'It큦 me, Mario!');
INSERT INTO responsables(codigo_responsable,codigo_tarea,codigo_usuario) VALUES(336,183,'Josue');
INSERT INTO responsables(codigo_responsable,codigo_tarea,codigo_usuario) VALUES(337,27,'Alejandra');
INSERT INTO responsables(codigo_responsable,codigo_tarea,codigo_usuario) VALUES(338,86,'Isabel');
INSERT INTO responsables(codigo_responsable,codigo_tarea,codigo_usuario) VALUES(339,183,'Tatiana');
INSERT INTO responsables(codigo_responsable,codigo_tarea,codigo_usuario) VALUES(340,133,'Tatiana');
INSERT INTO responsables(codigo_responsable,codigo_tarea,codigo_usuario) VALUES(341,93,'Isabel');
INSERT INTO responsables(codigo_responsable,codigo_tarea,codigo_usuario) VALUES(342,116,'Rodolfo');
INSERT INTO responsables(codigo_responsable,codigo_tarea,codigo_usuario) VALUES(343,99,'Lisbeth');
INSERT INTO responsables(codigo_responsable,codigo_tarea,codigo_usuario) VALUES(344,131,'Grissel');
INSERT INTO responsables(codigo_responsable,codigo_tarea,codigo_usuario) VALUES(345,45,'Josue');
INSERT INTO responsables(codigo_responsable,codigo_tarea,codigo_usuario) VALUES(346,170,'Rodolfo');
INSERT INTO responsables(codigo_responsable,codigo_tarea,codigo_usuario) VALUES(347,76,'Sanchez');
INSERT INTO responsables(codigo_responsable,codigo_tarea,codigo_usuario) VALUES(348,127,'Marlene');
INSERT INTO responsables(codigo_responsable,codigo_tarea,codigo_usuario) VALUES(349,34,'Emperatriz');
INSERT INTO responsables(codigo_responsable,codigo_tarea,codigo_usuario) VALUES(350,197,'Marta');
INSERT INTO responsables(codigo_responsable,codigo_tarea,codigo_usuario) VALUES(351,63,'Francisco');
INSERT INTO responsables(codigo_responsable,codigo_tarea,codigo_usuario) VALUES(352,72,'Tatiana');
INSERT INTO responsables(codigo_responsable,codigo_tarea,codigo_usuario) VALUES(353,8,'Jazmin');
INSERT INTO responsables(codigo_responsable,codigo_tarea,codigo_usuario) VALUES(354,147,'Beatriz');
INSERT INTO responsables(codigo_responsable,codigo_tarea,codigo_usuario) VALUES(355,11,'Beatriz');
INSERT INTO responsables(codigo_responsable,codigo_tarea,codigo_usuario) VALUES(356,115,'Anthony');
INSERT INTO responsables(codigo_responsable,codigo_tarea,codigo_usuario) VALUES(357,118,'It큦 me, Mario');
INSERT INTO responsables(codigo_responsable,codigo_tarea,codigo_usuario) VALUES(358,171,'Rodolfo');
INSERT INTO responsables(codigo_responsable,codigo_tarea,codigo_usuario) VALUES(359,71,'Boris');
INSERT INTO responsables(codigo_responsable,codigo_tarea,codigo_usuario) VALUES(360,7,'Vladimir');
INSERT INTO responsables(codigo_responsable,codigo_tarea,codigo_usuario) VALUES(361,114,'Edwin');
INSERT INTO responsables(codigo_responsable,codigo_tarea,codigo_usuario) VALUES(362,18,'Melissa');
INSERT INTO responsables(codigo_responsable,codigo_tarea,codigo_usuario) VALUES(363,191,'Evelyn');
INSERT INTO responsables(codigo_responsable,codigo_tarea,codigo_usuario) VALUES(364,97,'Claudia');
INSERT INTO responsables(codigo_responsable,codigo_tarea,codigo_usuario) VALUES(365,146,'Elizabeth');
INSERT INTO responsables(codigo_responsable,codigo_tarea,codigo_usuario) VALUES(366,39,'Jose');
INSERT INTO responsables(codigo_responsable,codigo_tarea,codigo_usuario) VALUES(367,122,'Sandra');
INSERT INTO responsables(codigo_responsable,codigo_tarea,codigo_usuario) VALUES(368,136,'Ana');
INSERT INTO responsables(codigo_responsable,codigo_tarea,codigo_usuario) VALUES(369,164,'Tony');
INSERT INTO responsables(codigo_responsable,codigo_tarea,codigo_usuario) VALUES(370,183,'Salvador');
INSERT INTO responsables(codigo_responsable,codigo_tarea,codigo_usuario) VALUES(371,14,'Alejandra');
INSERT INTO responsables(codigo_responsable,codigo_tarea,codigo_usuario) VALUES(372,73,'Rosa');
INSERT INTO responsables(codigo_responsable,codigo_tarea,codigo_usuario) VALUES(373,118,'Grissel');
INSERT INTO responsables(codigo_responsable,codigo_tarea,codigo_usuario) VALUES(374,200,'Carlos');
INSERT INTO responsables(codigo_responsable,codigo_tarea,codigo_usuario) VALUES(375,17,'Sandra');
INSERT INTO responsables(codigo_responsable,codigo_tarea,codigo_usuario) VALUES(376,59,'Salvador');
INSERT INTO responsables(codigo_responsable,codigo_tarea,codigo_usuario) VALUES(377,157,'Marvin');
INSERT INTO responsables(codigo_responsable,codigo_tarea,codigo_usuario) VALUES(378,41,'Abigail');
INSERT INTO responsables(codigo_responsable,codigo_tarea,codigo_usuario) VALUES(379,81,'Tony');
INSERT INTO responsables(codigo_responsable,codigo_tarea,codigo_usuario) VALUES(380,42,'Sandra');
INSERT INTO responsables(codigo_responsable,codigo_tarea,codigo_usuario) VALUES(381,33,'Abigail');
INSERT INTO responsables(codigo_responsable,codigo_tarea,codigo_usuario) VALUES(382,56,'Jacqueline');
INSERT INTO responsables(codigo_responsable,codigo_tarea,codigo_usuario) VALUES(383,156,'Jacqueline');
INSERT INTO responsables(codigo_responsable,codigo_tarea,codigo_usuario) VALUES(384,175,'Edenilson');
INSERT INTO responsables(codigo_responsable,codigo_tarea,codigo_usuario) VALUES(385,95,'Guillermo');
INSERT INTO responsables(codigo_responsable,codigo_tarea,codigo_usuario) VALUES(386,194,'Guillermo');
INSERT INTO responsables(codigo_responsable,codigo_tarea,codigo_usuario) VALUES(387,192,'Erika');
INSERT INTO responsables(codigo_responsable,codigo_tarea,codigo_usuario) VALUES(388,6,'Vladimir');
INSERT INTO responsables(codigo_responsable,codigo_tarea,codigo_usuario) VALUES(389,92,'Abigail');
INSERT INTO responsables(codigo_responsable,codigo_tarea,codigo_usuario) VALUES(390,5,'Alejandro');
INSERT INTO responsables(codigo_responsable,codigo_tarea,codigo_usuario) VALUES(391,139,'Josue');
INSERT INTO responsables(codigo_responsable,codigo_tarea,codigo_usuario) VALUES(392,85,'Erick');
INSERT INTO responsables(codigo_responsable,codigo_tarea,codigo_usuario) VALUES(393,176,'Ernesto');
INSERT INTO responsables(codigo_responsable,codigo_tarea,codigo_usuario) VALUES(394,40,'Ernesto');
INSERT INTO responsables(codigo_responsable,codigo_tarea,codigo_usuario) VALUES(395,147,'Beatriz');
INSERT INTO responsables(codigo_responsable,codigo_tarea,codigo_usuario) VALUES(396,163,'It큦 me, Mario!');
INSERT INTO responsables(codigo_responsable,codigo_tarea,codigo_usuario) VALUES(397,95,'Herbert');
INSERT INTO responsables(codigo_responsable,codigo_tarea,codigo_usuario) VALUES(398,48,'Yamileth');
INSERT INTO responsables(codigo_responsable,codigo_tarea,codigo_usuario) VALUES(399,166,'Guillermo');
INSERT INTO responsables(codigo_responsable,codigo_tarea,codigo_usuario) VALUES(400,189,'Melissa');

INSERT INTO tareas(codigo_tarea,nombre_tarea,descripcion_tarea,codigo_proyecto) VALUES(201,'T. Mendoza','Egypt',29);
INSERT INTO tareas(codigo_tarea,nombre_tarea,descripcion_tarea,codigo_proyecto) VALUES(202,'W. Calderon','Portugal',45);
INSERT INTO tareas(codigo_tarea,nombre_tarea,descripcion_tarea,codigo_proyecto) VALUES(203,'I. Bonilla','Virgin Islands, U.S.',95);
INSERT INTO tareas(codigo_tarea,nombre_tarea,descripcion_tarea,codigo_proyecto) VALUES(204,'N. Carrillo','Madagascar',89);
INSERT INTO tareas(codigo_tarea,nombre_tarea,descripcion_tarea,codigo_proyecto) VALUES(205,'G. Mejia','Gabon',88);
INSERT INTO tareas(codigo_tarea,nombre_tarea,descripcion_tarea,codigo_proyecto) VALUES(206,'W. Alas','South Georgia and The South Sandwich Islands',99);
INSERT INTO tareas(codigo_tarea,nombre_tarea,descripcion_tarea,codigo_proyecto) VALUES(207,'G. Osorio','Andorra',83);
INSERT INTO tareas(codigo_tarea,nombre_tarea,descripcion_tarea,codigo_proyecto) VALUES(208,'S. Gomez','Guinea-bissau',48);
INSERT INTO tareas(codigo_tarea,nombre_tarea,descripcion_tarea,codigo_proyecto) VALUES(209,'C. Duarte','Suriname',55);
INSERT INTO tareas(codigo_tarea,nombre_tarea,descripcion_tarea,codigo_proyecto) VALUES(210,'T. Avelar','Tunisia',13);
INSERT INTO tareas(codigo_tarea,nombre_tarea,descripcion_tarea,codigo_proyecto) VALUES(211,'N. Aguilar','Malaysia',80);
INSERT INTO tareas(codigo_tarea,nombre_tarea,descripcion_tarea,codigo_proyecto) VALUES(212,'T. Rafaelano','China',67);
INSERT INTO tareas(codigo_tarea,nombre_tarea,descripcion_tarea,codigo_proyecto) VALUES(213,'G. Ortiz','Sudan',32);
INSERT INTO tareas(codigo_tarea,nombre_tarea,descripcion_tarea,codigo_proyecto) VALUES(214,'L. Garc','Uzbekistan',86);
INSERT INTO tareas(codigo_tarea,nombre_tarea,descripcion_tarea,codigo_proyecto) VALUES(215,'C. Alvarado','Luxembourg',87);
INSERT INTO tareas(codigo_tarea,nombre_tarea,descripcion_tarea,codigo_proyecto) VALUES(216,'P. Hernandez','Virgin Islands, British',45);
INSERT INTO tareas(codigo_tarea,nombre_tarea,descripcion_tarea,codigo_proyecto) VALUES(217,'U. Rivas','French Guiana',19);
INSERT INTO tareas(codigo_tarea,nombre_tarea,descripcion_tarea,codigo_proyecto) VALUES(218,'Z. Romero','Virgin Islands, U.S.',19);
INSERT INTO tareas(codigo_tarea,nombre_tarea,descripcion_tarea,codigo_proyecto) VALUES(219,'B. Quijada','Vanuatu',3);
INSERT INTO tareas(codigo_tarea,nombre_tarea,descripcion_tarea,codigo_proyecto) VALUES(220,'I. Flores','Qatar',82);
INSERT INTO tareas(codigo_tarea,nombre_tarea,descripcion_tarea,codigo_proyecto) VALUES(221,'R. Ortiz','Denmark',15);
INSERT INTO tareas(codigo_tarea,nombre_tarea,descripcion_tarea,codigo_proyecto) VALUES(222,'J. Molina','Venezuela',11);
INSERT INTO tareas(codigo_tarea,nombre_tarea,descripcion_tarea,codigo_proyecto) VALUES(223,'J. Diaz','Thailand',29);
INSERT INTO tareas(codigo_tarea,nombre_tarea,descripcion_tarea,codigo_proyecto) VALUES(224,'X. Guerrero','Jordan',79);
INSERT INTO tareas(codigo_tarea,nombre_tarea,descripcion_tarea,codigo_proyecto) VALUES(225,'W. Diaz','Nicaragua',20);
INSERT INTO tareas(codigo_tarea,nombre_tarea,descripcion_tarea,codigo_proyecto) VALUES(226,'Q. Martinez','Tuvalu',62);
INSERT INTO tareas(codigo_tarea,nombre_tarea,descripcion_tarea,codigo_proyecto) VALUES(227,'Z. Henriquez','Equatorial Guinea',64);
INSERT INTO tareas(codigo_tarea,nombre_tarea,descripcion_tarea,codigo_proyecto) VALUES(228,'H. Oviedo','Bulgaria',35);
INSERT INTO tareas(codigo_tarea,nombre_tarea,descripcion_tarea,codigo_proyecto) VALUES(229,'L. Mejia','Lithuania',35);
INSERT INTO tareas(codigo_tarea,nombre_tarea,descripcion_tarea,codigo_proyecto) VALUES(230,'S. Osorio','Svalbard and Jan Mayen',73);
INSERT INTO tareas(codigo_tarea,nombre_tarea,descripcion_tarea,codigo_proyecto) VALUES(231,'Y. Gamez','Bouvet Island',8);
INSERT INTO tareas(codigo_tarea,nombre_tarea,descripcion_tarea,codigo_proyecto) VALUES(232,'O. Cruz','Sierra Leone',50);
INSERT INTO tareas(codigo_tarea,nombre_tarea,descripcion_tarea,codigo_proyecto) VALUES(233,'I. Mencos','Svalbard and Jan Mayen',59);
INSERT INTO tareas(codigo_tarea,nombre_tarea,descripcion_tarea,codigo_proyecto) VALUES(234,'Q. Ayala','Rwanda',43);
INSERT INTO tareas(codigo_tarea,nombre_tarea,descripcion_tarea,codigo_proyecto) VALUES(235,'H. Vasquez','Japan',62);
INSERT INTO tareas(codigo_tarea,nombre_tarea,descripcion_tarea,codigo_proyecto) VALUES(236,'Q. Vasquez','Ireland',25);
INSERT INTO tareas(codigo_tarea,nombre_tarea,descripcion_tarea,codigo_proyecto) VALUES(237,'O. Escobar','Norfolk Island',92);
INSERT INTO tareas(codigo_tarea,nombre_tarea,descripcion_tarea,codigo_proyecto) VALUES(238,'K. Ortega','Myanmar',72);
INSERT INTO tareas(codigo_tarea,nombre_tarea,descripcion_tarea,codigo_proyecto) VALUES(239,'Y. Fernandez','Denmark',25);
INSERT INTO tareas(codigo_tarea,nombre_tarea,descripcion_tarea,codigo_proyecto) VALUES(240,'P. Urbina','Angola',59);
INSERT INTO tareas(codigo_tarea,nombre_tarea,descripcion_tarea,codigo_proyecto) VALUES(241,'E. Ponce','Ukraine',35);
INSERT INTO tareas(codigo_tarea,nombre_tarea,descripcion_tarea,codigo_proyecto) VALUES(242,'A. Lozano','Italy',61);
INSERT INTO tareas(codigo_tarea,nombre_tarea,descripcion_tarea,codigo_proyecto) VALUES(243,'Y. Gomez','Libyan Arab Jamahiriya',97);
INSERT INTO tareas(codigo_tarea,nombre_tarea,descripcion_tarea,codigo_proyecto) VALUES(244,'J. Brito','Mongolia',53);
INSERT INTO tareas(codigo_tarea,nombre_tarea,descripcion_tarea,codigo_proyecto) VALUES(245,'C. Uceda','Palau',87);
INSERT INTO tareas(codigo_tarea,nombre_tarea,descripcion_tarea,codigo_proyecto) VALUES(246,'L. Martinez','Denmark',9);
INSERT INTO tareas(codigo_tarea,nombre_tarea,descripcion_tarea,codigo_proyecto) VALUES(247,'I. Carrillo','Cyprus',79);
INSERT INTO tareas(codigo_tarea,nombre_tarea,descripcion_tarea,codigo_proyecto) VALUES(248,'Z. Marquez','Bouvet Island',5);
INSERT INTO tareas(codigo_tarea,nombre_tarea,descripcion_tarea,codigo_proyecto) VALUES(249,'J. Rivas','Tokelau',48);
INSERT INTO tareas(codigo_tarea,nombre_tarea,descripcion_tarea,codigo_proyecto) VALUES(250,'T. Quijada','Afghanistan',17);
INSERT INTO tareas(codigo_tarea,nombre_tarea,descripcion_tarea,codigo_proyecto) VALUES(251,'A. Orellana','Ireland',70);
INSERT INTO tareas(codigo_tarea,nombre_tarea,descripcion_tarea,codigo_proyecto) VALUES(252,'M. Cabrera','Netherlands Antilles',18);
INSERT INTO tareas(codigo_tarea,nombre_tarea,descripcion_tarea,codigo_proyecto) VALUES(253,'Z. Guzman','Micronesia',19);
INSERT INTO tareas(codigo_tarea,nombre_tarea,descripcion_tarea,codigo_proyecto) VALUES(254,'X. Duarte','Rwanda',84);
INSERT INTO tareas(codigo_tarea,nombre_tarea,descripcion_tarea,codigo_proyecto) VALUES(255,'B. Sanchez','Belize',71);
INSERT INTO tareas(codigo_tarea,nombre_tarea,descripcion_tarea,codigo_proyecto) VALUES(256,'U. Valle','Bermuda',89);
INSERT INTO tareas(codigo_tarea,nombre_tarea,descripcion_tarea,codigo_proyecto) VALUES(257,'Y. Ponce','Reunion',99);
INSERT INTO tareas(codigo_tarea,nombre_tarea,descripcion_tarea,codigo_proyecto) VALUES(258,'W. Valle','Jordan',10);
INSERT INTO tareas(codigo_tarea,nombre_tarea,descripcion_tarea,codigo_proyecto) VALUES(259,'L. Reyes','Cyprus',80);
INSERT INTO tareas(codigo_tarea,nombre_tarea,descripcion_tarea,codigo_proyecto) VALUES(260,'Y. Alegria','Mali',20);
INSERT INTO tareas(codigo_tarea,nombre_tarea,descripcion_tarea,codigo_proyecto) VALUES(261,'G. Rafaelano','Grenada',89);
INSERT INTO tareas(codigo_tarea,nombre_tarea,descripcion_tarea,codigo_proyecto) VALUES(262,'S. Sanchez','Brazil',96);
INSERT INTO tareas(codigo_tarea,nombre_tarea,descripcion_tarea,codigo_proyecto) VALUES(263,'E. Hilario','Sri Lanka',100);
INSERT INTO tareas(codigo_tarea,nombre_tarea,descripcion_tarea,codigo_proyecto) VALUES(264,'Y. Echeverria','United States Minor Outlying Islands',11);
INSERT INTO tareas(codigo_tarea,nombre_tarea,descripcion_tarea,codigo_proyecto) VALUES(265,'X. Mencos','Jamaica',88);
INSERT INTO tareas(codigo_tarea,nombre_tarea,descripcion_tarea,codigo_proyecto) VALUES(266,'K. Aguilar','San Marino',41);
INSERT INTO tareas(codigo_tarea,nombre_tarea,descripcion_tarea,codigo_proyecto) VALUES(267,'G. Rodriguez','Turkey',28);
INSERT INTO tareas(codigo_tarea,nombre_tarea,descripcion_tarea,codigo_proyecto) VALUES(268,'U. Quijada','Germany',60);
INSERT INTO tareas(codigo_tarea,nombre_tarea,descripcion_tarea,codigo_proyecto) VALUES(269,'X. Alvarenga','Zambia',96);
INSERT INTO tareas(codigo_tarea,nombre_tarea,descripcion_tarea,codigo_proyecto) VALUES(270,'X. Garc','Haiti',45);
INSERT INTO tareas(codigo_tarea,nombre_tarea,descripcion_tarea,codigo_proyecto) VALUES(271,'Q. Urbina','Kazakhstan',66);
INSERT INTO tareas(codigo_tarea,nombre_tarea,descripcion_tarea,codigo_proyecto) VALUES(272,'M. Lozano','Palau',70);
INSERT INTO tareas(codigo_tarea,nombre_tarea,descripcion_tarea,codigo_proyecto) VALUES(273,'G. Diaz','Angola',14);
INSERT INTO tareas(codigo_tarea,nombre_tarea,descripcion_tarea,codigo_proyecto) VALUES(274,'G. Uceda','Vanuatu',9);
INSERT INTO tareas(codigo_tarea,nombre_tarea,descripcion_tarea,codigo_proyecto) VALUES(275,'K. Ponce','Kiribati',14);
INSERT INTO tareas(codigo_tarea,nombre_tarea,descripcion_tarea,codigo_proyecto) VALUES(276,'A. Guzman','Yemen',38);
INSERT INTO tareas(codigo_tarea,nombre_tarea,descripcion_tarea,codigo_proyecto) VALUES(277,'X. Castro','Macedonia',41);
INSERT INTO tareas(codigo_tarea,nombre_tarea,descripcion_tarea,codigo_proyecto) VALUES(278,'M. Pacheco','Luxembourg',32);
INSERT INTO tareas(codigo_tarea,nombre_tarea,descripcion_tarea,codigo_proyecto) VALUES(279,'N. Duran','United States',71);
INSERT INTO tareas(codigo_tarea,nombre_tarea,descripcion_tarea,codigo_proyecto) VALUES(280,'K. Mencos','Estonia',66);
INSERT INTO tareas(codigo_tarea,nombre_tarea,descripcion_tarea,codigo_proyecto) VALUES(281,'Y. Reyes','Latvia',78);
INSERT INTO tareas(codigo_tarea,nombre_tarea,descripcion_tarea,codigo_proyecto) VALUES(282,'N. Pena','Antarctica',15);
INSERT INTO tareas(codigo_tarea,nombre_tarea,descripcion_tarea,codigo_proyecto) VALUES(283,'Y. Martinez','Tokelau',37);
INSERT INTO tareas(codigo_tarea,nombre_tarea,descripcion_tarea,codigo_proyecto) VALUES(284,'P. Urbina','Malawi',53);
INSERT INTO tareas(codigo_tarea,nombre_tarea,descripcion_tarea,codigo_proyecto) VALUES(285,'I. Castro','Turkmenistan',23);
INSERT INTO tareas(codigo_tarea,nombre_tarea,descripcion_tarea,codigo_proyecto) VALUES(286,'K. Valencia','Macedonia',57);
INSERT INTO tareas(codigo_tarea,nombre_tarea,descripcion_tarea,codigo_proyecto) VALUES(287,'T. Lozano','French Polynesia',12);
INSERT INTO tareas(codigo_tarea,nombre_tarea,descripcion_tarea,codigo_proyecto) VALUES(288,'R. Mart?nez','Saint Lucia',100);
INSERT INTO tareas(codigo_tarea,nombre_tarea,descripcion_tarea,codigo_proyecto) VALUES(289,'A. Diaz','Somalia',79);
INSERT INTO tareas(codigo_tarea,nombre_tarea,descripcion_tarea,codigo_proyecto) VALUES(290,'D. Gonzalez','Virgin Islands, U.S.',58);
INSERT INTO tareas(codigo_tarea,nombre_tarea,descripcion_tarea,codigo_proyecto) VALUES(291,'W. Cerritos','Cocos(Keeling) Islands',97);
INSERT INTO tareas(codigo_tarea,nombre_tarea,descripcion_tarea,codigo_proyecto) VALUES(292,'P. Flores','United States',6);
INSERT INTO tareas(codigo_tarea,nombre_tarea,descripcion_tarea,codigo_proyecto) VALUES(293,'C. Alvarenga','Christmas Island',43);
INSERT INTO tareas(codigo_tarea,nombre_tarea,descripcion_tarea,codigo_proyecto) VALUES(294,'S. Angel','Hungary',19);
INSERT INTO tareas(codigo_tarea,nombre_tarea,descripcion_tarea,codigo_proyecto) VALUES(295,'J. Molina','Marshall Islands',92);
INSERT INTO tareas(codigo_tarea,nombre_tarea,descripcion_tarea,codigo_proyecto) VALUES(296,'I. Gamez','Bermuda',71);
INSERT INTO tareas(codigo_tarea,nombre_tarea,descripcion_tarea,codigo_proyecto) VALUES(297,'M. Mencos','Anguilla',17);
INSERT INTO tareas(codigo_tarea,nombre_tarea,descripcion_tarea,codigo_proyecto) VALUES(298,'D. Urbina','Sierra Leone',39);
INSERT INTO tareas(codigo_tarea,nombre_tarea,descripcion_tarea,codigo_proyecto) VALUES(299,'E. Pacheco','Guinea-bissau',95);
INSERT INTO tareas(codigo_tarea,nombre_tarea,descripcion_tarea,codigo_proyecto) VALUES(300,'Y. Molina','Czech Republic',96);
INSERT INTO tareas(codigo_tarea,nombre_tarea,descripcion_tarea,codigo_proyecto) VALUES(301,'F. Rafaelano','Gibraltar',1);
INSERT INTO tareas(codigo_tarea,nombre_tarea,descripcion_tarea,codigo_proyecto) VALUES(302,'K. Alvarenga','Canada',18);
INSERT INTO tareas(codigo_tarea,nombre_tarea,descripcion_tarea,codigo_proyecto) VALUES(303,'J. Mejia','Norway',8);
INSERT INTO tareas(codigo_tarea,nombre_tarea,descripcion_tarea,codigo_proyecto) VALUES(304,'J. Angel','Germany',80);
INSERT INTO tareas(codigo_tarea,nombre_tarea,descripcion_tarea,codigo_proyecto) VALUES(305,'I. Ponce','Bosnia and Herzegovina',93);
INSERT INTO tareas(codigo_tarea,nombre_tarea,descripcion_tarea,codigo_proyecto) VALUES(306,'N. Garcia','Lesotho',57);
INSERT INTO tareas(codigo_tarea,nombre_tarea,descripcion_tarea,codigo_proyecto) VALUES(307,'W. Brito','Ireland',31);
INSERT INTO tareas(codigo_tarea,nombre_tarea,descripcion_tarea,codigo_proyecto) VALUES(308,'Q. Pena','Honduras',24);
INSERT INTO tareas(codigo_tarea,nombre_tarea,descripcion_tarea,codigo_proyecto) VALUES(309,'T. Gutierrez','Guam',95);
INSERT INTO tareas(codigo_tarea,nombre_tarea,descripcion_tarea,codigo_proyecto) VALUES(310,'M. Tobar','Seychelles',55);
INSERT INTO tareas(codigo_tarea,nombre_tarea,descripcion_tarea,codigo_proyecto) VALUES(311,'S. Guerrero','Norfolk Island',62);
INSERT INTO tareas(codigo_tarea,nombre_tarea,descripcion_tarea,codigo_proyecto) VALUES(312,'U. Novoa','Ireland',27);
INSERT INTO tareas(codigo_tarea,nombre_tarea,descripcion_tarea,codigo_proyecto) VALUES(313,'N. Reyes','Bahrain',7);
INSERT INTO tareas(codigo_tarea,nombre_tarea,descripcion_tarea,codigo_proyecto) VALUES(314,'H. Orellana','Austria',13);
INSERT INTO tareas(codigo_tarea,nombre_tarea,descripcion_tarea,codigo_proyecto) VALUES(315,'X. Guerrero','Guadeloupe',4);
INSERT INTO tareas(codigo_tarea,nombre_tarea,descripcion_tarea,codigo_proyecto) VALUES(316,'T. Perez','Israel',89);
INSERT INTO tareas(codigo_tarea,nombre_tarea,descripcion_tarea,codigo_proyecto) VALUES(317,'Q. Trinidad','Egypt',28);
INSERT INTO tareas(codigo_tarea,nombre_tarea,descripcion_tarea,codigo_proyecto) VALUES(318,'X. Ochoa','Finland',30);
INSERT INTO tareas(codigo_tarea,nombre_tarea,descripcion_tarea,codigo_proyecto) VALUES(319,'L. Brito','Madagascar',54);
INSERT INTO tareas(codigo_tarea,nombre_tarea,descripcion_tarea,codigo_proyecto) VALUES(320,'O. Ayala','Iceland',10);
INSERT INTO tareas(codigo_tarea,nombre_tarea,descripcion_tarea,codigo_proyecto) VALUES(321,'C. Perez','Tunisia',58);
INSERT INTO tareas(codigo_tarea,nombre_tarea,descripcion_tarea,codigo_proyecto) VALUES(322,'K. Rivera','Liechtenstein',6);
INSERT INTO tareas(codigo_tarea,nombre_tarea,descripcion_tarea,codigo_proyecto) VALUES(323,'I. Mejia','Canada',14);
INSERT INTO tareas(codigo_tarea,nombre_tarea,descripcion_tarea,codigo_proyecto) VALUES(324,'F. Ochoa','Greenland',91);
INSERT INTO tareas(codigo_tarea,nombre_tarea,descripcion_tarea,codigo_proyecto) VALUES(325,'X. Echeverria','Anguilla',97);
INSERT INTO tareas(codigo_tarea,nombre_tarea,descripcion_tarea,codigo_proyecto) VALUES(326,'T. Cubas','Palau',42);
INSERT INTO tareas(codigo_tarea,nombre_tarea,descripcion_tarea,codigo_proyecto) VALUES(327,'O. Oviedo','Equatorial Guinea',83);
INSERT INTO tareas(codigo_tarea,nombre_tarea,descripcion_tarea,codigo_proyecto) VALUES(328,'S. Guerrero','Ecuador',32);
INSERT INTO tareas(codigo_tarea,nombre_tarea,descripcion_tarea,codigo_proyecto) VALUES(329,'B. Mejia','Nepal',46);
INSERT INTO tareas(codigo_tarea,nombre_tarea,descripcion_tarea,codigo_proyecto) VALUES(330,'X. Sanchez','South Africa',37);
INSERT INTO tareas(codigo_tarea,nombre_tarea,descripcion_tarea,codigo_proyecto) VALUES(331,'D. Molina','Sudan',62);
INSERT INTO tareas(codigo_tarea,nombre_tarea,descripcion_tarea,codigo_proyecto) VALUES(332,'B. Guerrero','Brunei Darussalam',32);
INSERT INTO tareas(codigo_tarea,nombre_tarea,descripcion_tarea,codigo_proyecto) VALUES(333,'O. Medrano','Palau',5);
INSERT INTO tareas(codigo_tarea,nombre_tarea,descripcion_tarea,codigo_proyecto) VALUES(334,'Y. Pena','United Arab Emirates',91);
INSERT INTO tareas(codigo_tarea,nombre_tarea,descripcion_tarea,codigo_proyecto) VALUES(335,'B. Cerritos','Thailand',50);
INSERT INTO tareas(codigo_tarea,nombre_tarea,descripcion_tarea,codigo_proyecto) VALUES(336,'G. Morales','Wallis and Futuna',91);
INSERT INTO tareas(codigo_tarea,nombre_tarea,descripcion_tarea,codigo_proyecto) VALUES(337,'J. Cubas','Comoros',73);
INSERT INTO tareas(codigo_tarea,nombre_tarea,descripcion_tarea,codigo_proyecto) VALUES(338,'U. Rafaelano','American Samoa',5);
INSERT INTO tareas(codigo_tarea,nombre_tarea,descripcion_tarea,codigo_proyecto) VALUES(339,'H. Lopez','Honduras',47);
INSERT INTO tareas(codigo_tarea,nombre_tarea,descripcion_tarea,codigo_proyecto) VALUES(340,'H. Alvarenga','Sierra Leone',9);
INSERT INTO tareas(codigo_tarea,nombre_tarea,descripcion_tarea,codigo_proyecto) VALUES(341,'O. Orellana','Colombia',50);
INSERT INTO tareas(codigo_tarea,nombre_tarea,descripcion_tarea,codigo_proyecto) VALUES(342,'M. Beltran','Bahamas',78);
INSERT INTO tareas(codigo_tarea,nombre_tarea,descripcion_tarea,codigo_proyecto) VALUES(343,'X. Mart?nez','Guinea-bissau',54);
INSERT INTO tareas(codigo_tarea,nombre_tarea,descripcion_tarea,codigo_proyecto) VALUES(344,'E. Ortiz','Moldova',87);
INSERT INTO tareas(codigo_tarea,nombre_tarea,descripcion_tarea,codigo_proyecto) VALUES(345,'C. Reyes','Norway',36);
INSERT INTO tareas(codigo_tarea,nombre_tarea,descripcion_tarea,codigo_proyecto) VALUES(346,'B. Molina','Belgium',11);
INSERT INTO tareas(codigo_tarea,nombre_tarea,descripcion_tarea,codigo_proyecto) VALUES(347,'W. Duarte','South Africa',70);
INSERT INTO tareas(codigo_tarea,nombre_tarea,descripcion_tarea,codigo_proyecto) VALUES(348,'W. Mejia','Ghana',24);
INSERT INTO tareas(codigo_tarea,nombre_tarea,descripcion_tarea,codigo_proyecto) VALUES(349,'Y. Orellana','Morocco',32);
INSERT INTO tareas(codigo_tarea,nombre_tarea,descripcion_tarea,codigo_proyecto) VALUES(350,'L. Flores','Bangladesh',3);
INSERT INTO tareas(codigo_tarea,nombre_tarea,descripcion_tarea,codigo_proyecto) VALUES(351,'D. Perez','Russian Federation',96);
INSERT INTO tareas(codigo_tarea,nombre_tarea,descripcion_tarea,codigo_proyecto) VALUES(352,'L. Ochoa','Austria',21);
INSERT INTO tareas(codigo_tarea,nombre_tarea,descripcion_tarea,codigo_proyecto) VALUES(353,'E. Cubas','Zimbabwe',37);
INSERT INTO tareas(codigo_tarea,nombre_tarea,descripcion_tarea,codigo_proyecto) VALUES(354,'R. Duarte','Antarctica',54);
INSERT INTO tareas(codigo_tarea,nombre_tarea,descripcion_tarea,codigo_proyecto) VALUES(355,'U. Uceda','Brazil',31);
INSERT INTO tareas(codigo_tarea,nombre_tarea,descripcion_tarea,codigo_proyecto) VALUES(356,'W. Urbina','Saint Kitts and Nevis',77);
INSERT INTO tareas(codigo_tarea,nombre_tarea,descripcion_tarea,codigo_proyecto) VALUES(357,'S. Medrano','Taiwan, Province of China',52);
INSERT INTO tareas(codigo_tarea,nombre_tarea,descripcion_tarea,codigo_proyecto) VALUES(358,'T. Guzman','Uzbekistan',65);
INSERT INTO tareas(codigo_tarea,nombre_tarea,descripcion_tarea,codigo_proyecto) VALUES(359,'T. Rivera','Virgin Islands, U.S.',75);
INSERT INTO tareas(codigo_tarea,nombre_tarea,descripcion_tarea,codigo_proyecto) VALUES(360,'C. Hilario','Iceland',92);
INSERT INTO tareas(codigo_tarea,nombre_tarea,descripcion_tarea,codigo_proyecto) VALUES(361,'Q. Mejia','Congo',76);
INSERT INTO tareas(codigo_tarea,nombre_tarea,descripcion_tarea,codigo_proyecto) VALUES(362,'R. Reyes','Swaziland',35);
INSERT INTO tareas(codigo_tarea,nombre_tarea,descripcion_tarea,codigo_proyecto) VALUES(363,'C. Hernandez','French Guiana',29);
INSERT INTO tareas(codigo_tarea,nombre_tarea,descripcion_tarea,codigo_proyecto) VALUES(364,'F. Contreras','Antigua and Barbuda',67);
INSERT INTO tareas(codigo_tarea,nombre_tarea,descripcion_tarea,codigo_proyecto) VALUES(365,'W. Echeverria','American Samoa',9);
INSERT INTO tareas(codigo_tarea,nombre_tarea,descripcion_tarea,codigo_proyecto) VALUES(366,'L. Gutierrez','Poland',64);
INSERT INTO tareas(codigo_tarea,nombre_tarea,descripcion_tarea,codigo_proyecto) VALUES(367,'T. Rafaelano','Benin',92);
INSERT INTO tareas(codigo_tarea,nombre_tarea,descripcion_tarea,codigo_proyecto) VALUES(368,'D. Castro','New Zealand',1);
INSERT INTO tareas(codigo_tarea,nombre_tarea,descripcion_tarea,codigo_proyecto) VALUES(369,'L. Perez','Fiji',52);
INSERT INTO tareas(codigo_tarea,nombre_tarea,descripcion_tarea,codigo_proyecto) VALUES(370,'B. Cruz','Malta',53);
INSERT INTO tareas(codigo_tarea,nombre_tarea,descripcion_tarea,codigo_proyecto) VALUES(371,'T. Romero','Guadeloupe',64);
INSERT INTO tareas(codigo_tarea,nombre_tarea,descripcion_tarea,codigo_proyecto) VALUES(372,'X. Gamez','Colombia',95);
INSERT INTO tareas(codigo_tarea,nombre_tarea,descripcion_tarea,codigo_proyecto) VALUES(373,'K. Trinidad','Antigua and Barbuda',4);
INSERT INTO tareas(codigo_tarea,nombre_tarea,descripcion_tarea,codigo_proyecto) VALUES(374,'N. Duarte','Greenland',1);
INSERT INTO tareas(codigo_tarea,nombre_tarea,descripcion_tarea,codigo_proyecto) VALUES(375,'C. Ochoa','Belgium',46);
INSERT INTO tareas(codigo_tarea,nombre_tarea,descripcion_tarea,codigo_proyecto) VALUES(376,'O. Perez','Romania',48);
INSERT INTO tareas(codigo_tarea,nombre_tarea,descripcion_tarea,codigo_proyecto) VALUES(377,'R. Rafaelano','Ecuador',65);
INSERT INTO tareas(codigo_tarea,nombre_tarea,descripcion_tarea,codigo_proyecto) VALUES(378,'U. Martinez','Bosnia and Herzegovina',9);
INSERT INTO tareas(codigo_tarea,nombre_tarea,descripcion_tarea,codigo_proyecto) VALUES(379,'U. Calderon','Faroe Islands',37);
INSERT INTO tareas(codigo_tarea,nombre_tarea,descripcion_tarea,codigo_proyecto) VALUES(380,'A. Garc','Denmark',60);
INSERT INTO tareas(codigo_tarea,nombre_tarea,descripcion_tarea,codigo_proyecto) VALUES(381,'H. Gutierrez','United Arab Emirates',36);
INSERT INTO tareas(codigo_tarea,nombre_tarea,descripcion_tarea,codigo_proyecto) VALUES(382,'Y. Aguilar','Swaziland',76);
INSERT INTO tareas(codigo_tarea,nombre_tarea,descripcion_tarea,codigo_proyecto) VALUES(383,'V. Garc','Uruguay',38);
INSERT INTO tareas(codigo_tarea,nombre_tarea,descripcion_tarea,codigo_proyecto) VALUES(384,'I. Colocho','Poland',31);
INSERT INTO tareas(codigo_tarea,nombre_tarea,descripcion_tarea,codigo_proyecto) VALUES(385,'G. Perez','Belgium',16);
INSERT INTO tareas(codigo_tarea,nombre_tarea,descripcion_tarea,codigo_proyecto) VALUES(386,'Y. Osorio','Mauritania',2);
INSERT INTO tareas(codigo_tarea,nombre_tarea,descripcion_tarea,codigo_proyecto) VALUES(387,'F. Escobar','Belgium',48);
INSERT INTO tareas(codigo_tarea,nombre_tarea,descripcion_tarea,codigo_proyecto) VALUES(388,'M. Diaz','Cambodia',62);
INSERT INTO tareas(codigo_tarea,nombre_tarea,descripcion_tarea,codigo_proyecto) VALUES(389,'O. Quijada','Pitcairn',6);
INSERT INTO tareas(codigo_tarea,nombre_tarea,descripcion_tarea,codigo_proyecto) VALUES(390,'T. Morales','Czech Republic',88);
INSERT INTO tareas(codigo_tarea,nombre_tarea,descripcion_tarea,codigo_proyecto) VALUES(391,'Y. Valencia','Paraguay',67);
INSERT INTO tareas(codigo_tarea,nombre_tarea,descripcion_tarea,codigo_proyecto) VALUES(392,'M. Mart?nez','Mauritania',53);
INSERT INTO tareas(codigo_tarea,nombre_tarea,descripcion_tarea,codigo_proyecto) VALUES(393,'F. Mejia','Sierra Leone',5);
INSERT INTO tareas(codigo_tarea,nombre_tarea,descripcion_tarea,codigo_proyecto) VALUES(394,'L. Perez','Tanzania, United Republic of',33);
INSERT INTO tareas(codigo_tarea,nombre_tarea,descripcion_tarea,codigo_proyecto) VALUES(395,'A. Flores','Samoa',96);
INSERT INTO tareas(codigo_tarea,nombre_tarea,descripcion_tarea,codigo_proyecto) VALUES(396,'I. Alegria','United Kingdom',3);
INSERT INTO tareas(codigo_tarea,nombre_tarea,descripcion_tarea,codigo_proyecto) VALUES(397,'F. Alvarado','Guadeloupe',13);
INSERT INTO tareas(codigo_tarea,nombre_tarea,descripcion_tarea,codigo_proyecto) VALUES(398,'Y. Beltran','Lesotho',37);
INSERT INTO tareas(codigo_tarea,nombre_tarea,descripcion_tarea,codigo_proyecto) VALUES(399,'L. Gutierrez','French Southern Territories',34);
INSERT INTO tareas(codigo_tarea,nombre_tarea,descripcion_tarea,codigo_proyecto) VALUES(400,'A. Pena','Falkland Islands(Malvinas)',12);

INSERT INTO usuarios(codigo_usuario,nombres_usuario,apellidos_usuario,nacimiento_usuario,password_usuario) VALUES('Titiushko','Tito Javier','Miguel Galdamez','1984-05-06','tito');
INSERT INTO usuarios(codigo_usuario,nombres_usuario,apellidos_usuario,nacimiento_usuario,password_usuario) VALUES('Rosa','Francisco Iliana','Vasquez Roscala','1986-02-10','20394');
INSERT INTO usuarios(codigo_usuario,nombres_usuario,apellidos_usuario,nacimiento_usuario,password_usuario) VALUES('It큦 me, Mario','Willian Romeo','Guzman Contreras','1985-04-10','12011');
INSERT INTO usuarios(codigo_usuario,nombres_usuario,apellidos_usuario,nacimiento_usuario,password_usuario) VALUES('Grissel','Ernesto Johanna','Orellana Pacheco','1985-06-10','1708');
INSERT INTO usuarios(codigo_usuario,nombres_usuario,apellidos_usuario,nacimiento_usuario,password_usuario) VALUES('Evelyn','Jesus Claudia','Mencos Mejia','1984-08-10','D5T 5N3');
INSERT INTO usuarios(codigo_usuario,nombres_usuario,apellidos_usuario,nacimiento_usuario,password_usuario) VALUES('Elizabeth','Carmen Hector','Gomez Rafaelano','1983-10-10','J3W 5O1');
INSERT INTO usuarios(codigo_usuario,nombres_usuario,apellidos_usuario,nacimiento_usuario,password_usuario) VALUES('Edenilson','Miguel Jazmin','Trinidad Castro','1983-12-10','J7R 5S1');
INSERT INTO usuarios(codigo_usuario,nombres_usuario,apellidos_usuario,nacimiento_usuario,password_usuario) VALUES('Xiomara','Johanna Jose','Mendoza Valle','1981-02-01','Q7Z 7Y6');
INSERT INTO usuarios(codigo_usuario,nombres_usuario,apellidos_usuario,nacimiento_usuario,password_usuario) VALUES('Lisbeth','Katya Tony','Brito Gomez','1979-06-01','K6P 7O4');
INSERT INTO usuarios(codigo_usuario,nombres_usuario,apellidos_usuario,nacimiento_usuario,password_usuario) VALUES('Jazmin','Jesus Evelyn','Carranza Rodriguez','1986-07-01','D8V 3B2');
INSERT INTO usuarios(codigo_usuario,nombres_usuario,apellidos_usuario,nacimiento_usuario,password_usuario) VALUES('Daniel','Hilario Ivette','Cruz Angel','1985-09-01','K5G 4I2');
INSERT INTO usuarios(codigo_usuario,nombres_usuario,apellidos_usuario,nacimiento_usuario,password_usuario) VALUES('Yamileth','Jairo Claudia','Sorto Uceda','1985-11-01','36350');
INSERT INTO usuarios(codigo_usuario,nombres_usuario,apellidos_usuario,nacimiento_usuario,password_usuario) VALUES('Alfredo','Sandra Karen','Hernandez Cerritos','1984-01-02','7692');
INSERT INTO usuarios(codigo_usuario,nombres_usuario,apellidos_usuario,nacimiento_usuario,password_usuario) VALUES('Erika','Kevin Garcia','Vega Angel','1984-03-02','76574');
INSERT INTO usuarios(codigo_usuario,nombres_usuario,apellidos_usuario,nacimiento_usuario,password_usuario) VALUES('Yosely','Omar Johanna','Cabrera Hernandez','1983-05-02','F1V 6H8');
INSERT INTO usuarios(codigo_usuario,nombres_usuario,apellidos_usuario,nacimiento_usuario,password_usuario) VALUES('Ivette','Lisandro Roxana','Ponce Diaz','1982-07-02','O6M 9K4');
INSERT INTO usuarios(codigo_usuario,nombres_usuario,apellidos_usuario,nacimiento_usuario,password_usuario) VALUES('Alejandra','Jose Anthony','Bonilla Cerritos','1981-09-02','67826');
INSERT INTO usuarios(codigo_usuario,nombres_usuario,apellidos_usuario,nacimiento_usuario,password_usuario) VALUES('Edwin','Grissel Marvin','Cerritos Mencos','1979-11-02','9677');
INSERT INTO usuarios(codigo_usuario,nombres_usuario,apellidos_usuario,nacimiento_usuario,password_usuario) VALUES('Tatiana','Jenifer Ricardo','Oviedo Portillo','1986-12-02','C5O 4K9');
INSERT INTO usuarios(codigo_usuario,nombres_usuario,apellidos_usuario,nacimiento_usuario,password_usuario) VALUES('Sanchez','Gerardo Cecilia','Oviedo Rodriguez','1985-02-03','C6A 2Q1');
INSERT INTO usuarios(codigo_usuario,nombres_usuario,apellidos_usuario,nacimiento_usuario,password_usuario) VALUES('Guillermo','Isabel Alicia','Sanchez Ayala','1984-06-03','E3C 5L5');
INSERT INTO usuarios(codigo_usuario,nombres_usuario,apellidos_usuario,nacimiento_usuario,password_usuario) VALUES('Isabel','Boris Marta','Romero Reyes','1984-08-03','35230');
INSERT INTO usuarios(codigo_usuario,nombres_usuario,apellidos_usuario,nacimiento_usuario,password_usuario) VALUES('Josue','Garcia Rolando','Garcia Lopez','1983-10-03','S1F 4T4');
INSERT INTO usuarios(codigo_usuario,nombres_usuario,apellidos_usuario,nacimiento_usuario,password_usuario) VALUES('Denis','Yosely Ana','Fernandez Gonzalez','1982-12-03','41340');
INSERT INTO usuarios(codigo_usuario,nombres_usuario,apellidos_usuario,nacimiento_usuario,password_usuario) VALUES('Marlene','Yamileth Yosely','Ortiz Galdamez','1981-02-04','35960');
INSERT INTO usuarios(codigo_usuario,nombres_usuario,apellidos_usuario,nacimiento_usuario,password_usuario) VALUES('Emperatriz','Nestor Douglas','Gamez Cabrera','1979-04-04','27813');
INSERT INTO usuarios(codigo_usuario,nombres_usuario,apellidos_usuario,nacimiento_usuario,password_usuario) VALUES('Nestor','Saul Herbert','Ponce Castro','1985-09-04','X2J 9E7');
INSERT INTO usuarios(codigo_usuario,nombres_usuario,apellidos_usuario,nacimiento_usuario,password_usuario) VALUES('Garcia','Tony Alejandro','Ochoa Lopez','1984-11-04','67847');
INSERT INTO usuarios(codigo_usuario,nombres_usuario,apellidos_usuario,nacimiento_usuario,password_usuario) VALUES('Douglas','Xiomara Jesus','Portillo Ortiz','1983-03-05','Y6A 1Q6');
INSERT INTO usuarios(codigo_usuario,nombres_usuario,apellidos_usuario,nacimiento_usuario,password_usuario) VALUES('Iris','Roxana Marlene','Cornejo Tobar','1982-05-05','70668');
INSERT INTO usuarios(codigo_usuario,nombres_usuario,apellidos_usuario,nacimiento_usuario,password_usuario) VALUES('Jenifer','Jenifer Antonio','Gamez Rafaelano','1979-09-05','77161');
INSERT INTO usuarios(codigo_usuario,nombres_usuario,apellidos_usuario,nacimiento_usuario,password_usuario) VALUES('Edgardo','Maria Hector','Colocho Guerrero','1986-10-05','F4L 1Z7');
INSERT INTO usuarios(codigo_usuario,nombres_usuario,apellidos_usuario,nacimiento_usuario,password_usuario) VALUES('Salvador','Maria Alejandra','Oviedo Rivas','1985-12-05','12817');
INSERT INTO usuarios(codigo_usuario,nombres_usuario,apellidos_usuario,nacimiento_usuario,password_usuario) VALUES('Melissa','Carmen Tatiana','Orellana Duarte','1985-02-06','M2G 1A2');
INSERT INTO usuarios(codigo_usuario,nombres_usuario,apellidos_usuario,nacimiento_usuario,password_usuario) VALUES('Maria','Ingris Garcia','Cabrera Alegria','1984-04-06','O7G 5M2');
INSERT INTO usuarios(codigo_usuario,nombres_usuario,apellidos_usuario,nacimiento_usuario,password_usuario) VALUES('Jacqueline','Miguel Abigail','Portillo Mejia','1982-10-06','18739');
INSERT INTO usuarios(codigo_usuario,nombres_usuario,apellidos_usuario,nacimiento_usuario,password_usuario) VALUES('Kevin','Tony Marvin','Ayala Flores','1981-12-06','88891');
INSERT INTO usuarios(codigo_usuario,nombres_usuario,apellidos_usuario,nacimiento_usuario,password_usuario) VALUES('It큦 me, Mario!','Ivan Claudia','Uceda Galdamez','1986-01-07','H6C 1W4');
INSERT INTO usuarios(codigo_usuario,nombres_usuario,apellidos_usuario,nacimiento_usuario,password_usuario) VALUES('Sandra','Tatiana Garcia','Beltran Guerrero','1985-07-07','81055');
INSERT INTO usuarios(codigo_usuario,nombres_usuario,apellidos_usuario,nacimiento_usuario,password_usuario) VALUES('Ana','Rosa Manuel','Brito Duarte','1984-09-07','I8P 2B4');
INSERT INTO usuarios(codigo_usuario,nombres_usuario,apellidos_usuario,nacimiento_usuario,password_usuario) VALUES('Hector','Christian Xiomara','Castro Lopez','1984-11-07','S6F 5H1');
INSERT INTO usuarios(codigo_usuario,nombres_usuario,apellidos_usuario,nacimiento_usuario,password_usuario) VALUES('Alejandro','Ricardo Roxana','Carranza Orantes','1982-03-08','U5M 2Q6');
INSERT INTO usuarios(codigo_usuario,nombres_usuario,apellidos_usuario,nacimiento_usuario,password_usuario) VALUES('Francisco','Claudia Romeo','Lozano Rivera','1980-07-08','35128');
INSERT INTO usuarios(codigo_usuario,nombres_usuario,apellidos_usuario,nacimiento_usuario,password_usuario) VALUES('Marvin','Abigail Ivette','Gutierrez Carranza','1985-10-08','I1P 2M0');
INSERT INTO usuarios(codigo_usuario,nombres_usuario,apellidos_usuario,nacimiento_usuario,password_usuario) VALUES('Jose','Grissel Daniel','Rafaelano Roscala','1984-02-09','H3L 8M6');
INSERT INTO usuarios(codigo_usuario,nombres_usuario,apellidos_usuario,nacimiento_usuario,password_usuario) VALUES('Manuel','Lisandro Tony','Quijada Novoa','1984-04-09','J1S 6A1');
INSERT INTO usuarios(codigo_usuario,nombres_usuario,apellidos_usuario,nacimiento_usuario,password_usuario) VALUES('Vladimir','Isabel Jimmy','Martinez Ponce','1983-06-09','20127');
INSERT INTO usuarios(codigo_usuario,nombres_usuario,apellidos_usuario,nacimiento_usuario,password_usuario) VALUES('Alexander','Jenifer Rolando','Gutierrez Escobar','1982-08-09','28285');
INSERT INTO usuarios(codigo_usuario,nombres_usuario,apellidos_usuario,nacimiento_usuario,password_usuario) VALUES('Ernesto','Lisbeth Carmen','Duran Henriquez','1981-10-09','36584');
INSERT INTO usuarios(codigo_usuario,nombres_usuario,apellidos_usuario,nacimiento_usuario,password_usuario) VALUES('Boris','Giovanni Oscar','Rivas Rodriguez','1979-12-09','P6L 3Q0');
INSERT INTO usuarios(codigo_usuario,nombres_usuario,apellidos_usuario,nacimiento_usuario,password_usuario) VALUES('Marta','Henry Edenilson','Rafaelano Valencia','1985-03-10','X7D 1K7');
INSERT INTO usuarios(codigo_usuario,nombres_usuario,apellidos_usuario,nacimiento_usuario,password_usuario) VALUES('Karen','Erick Edenilson','Lopez Osorio','1984-07-10','P5S 5F8');
INSERT INTO usuarios(codigo_usuario,nombres_usuario,apellidos_usuario,nacimiento_usuario,password_usuario) VALUES('Claudia','Luis Francisco','Garcia Valencia','1984-09-10','54502');
INSERT INTO usuarios(codigo_usuario,nombres_usuario,apellidos_usuario,nacimiento_usuario,password_usuario) VALUES('Rodolfo','Alicia Alexander','Valle Urbina','1983-11-10','40678');
INSERT INTO usuarios(codigo_usuario,nombres_usuario,apellidos_usuario,nacimiento_usuario,password_usuario) VALUES('Ivonne','Edwin Alfredo','Diaz Vega','1981-03-11','22651');
INSERT INTO usuarios(codigo_usuario,nombres_usuario,apellidos_usuario,nacimiento_usuario,password_usuario) VALUES('Beatriz','Nestor Henry','Rodriguez Rivas','1986-06-11','N3M 2O4');
INSERT INTO usuarios(codigo_usuario,nombres_usuario,apellidos_usuario,nacimiento_usuario,password_usuario) VALUES('Abigail','Henry Ernesto','Medrano Romero','1985-08-11','85011');
INSERT INTO usuarios(codigo_usuario,nombres_usuario,apellidos_usuario,nacimiento_usuario,password_usuario) VALUES('Novoa','Yamileth Gerardo','Carrillo Alegria','1985-10-11','17665');
INSERT INTO usuarios(codigo_usuario,nombres_usuario,apellidos_usuario,nacimiento_usuario,password_usuario) VALUES('Carlos','Josue Marlene','Brito Valencia','1984-12-11','L1M 9V9');
INSERT INTO usuarios(codigo_usuario,nombres_usuario,apellidos_usuario,nacimiento_usuario,password_usuario) VALUES('Herbert','Ernesto Elmer','Escobar Duarte','1982-06-12','Y5U 5E6');
INSERT INTO usuarios(codigo_usuario,nombres_usuario,apellidos_usuario,nacimiento_usuario,password_usuario) VALUES('Anthony','Armando Orellana','Marquez Osorio','1981-08-12','6779');
INSERT INTO usuarios(codigo_usuario,nombres_usuario,apellidos_usuario,nacimiento_usuario,password_usuario) VALUES('Erick','Guadalupe Yamileth','Marquez Alvarenga','1985-03-13','15668');
INSERT INTO usuarios(codigo_usuario,nombres_usuario,apellidos_usuario,nacimiento_usuario,password_usuario) VALUES('Jimmy','Yamileth Jose','Ortiz Contreras','1984-05-13','X8U 5M7');
INSERT INTO usuarios(codigo_usuario,nombres_usuario,apellidos_usuario,nacimiento_usuario,password_usuario) VALUES('Tony','Lisandro Alicia','Valencia Pacheco','1986-04-14','35251');
INSERT INTO usuarios(codigo_usuario,nombres_usuario,apellidos_usuario,nacimiento_usuario,password_usuario) VALUES('Ingris','Willian Ingris','Pena Alvarado','1982-04-15','6631');
INSERT INTO usuarios(codigo_usuario,nombres_usuario,apellidos_usuario,nacimiento_usuario,password_usuario) VALUES('Carmen','Marvin Claudia','Valencia Gamez','1981-06-15','19087');

-- ------------------------------------------------------
--  Ref Constraints for Table proyectos
-- ------------------------------------------------------
ALTER TABLE proyectos ADD CONSTRAINT proyectos_usuarios FOREIGN KEY(responsable_proyecto)
REFERENCES usuarios(codigo_usuario) ON DELETE RESTRICT ON UPDATE RESTRICT;
-- ------------------------------------------------------
--  Ref Constraints for Table responsables
-- ------------------------------------------------------
ALTER TABLE responsables ADD CONSTRAINT responsables_tareas FOREIGN KEY(codigo_tarea)
REFERENCES tareas(codigo_tarea) ON DELETE RESTRICT ON UPDATE RESTRICT;

ALTER TABLE responsables ADD CONSTRAINT responsables_usuarios FOREIGN KEY(codigo_usuario)
REFERENCES usuarios(codigo_usuario) ON DELETE RESTRICT ON UPDATE RESTRICT;
-- ------------------------------------------------------
--  Ref Constraints for Table tareas
-- ------------------------------------------------------
ALTER TABLE tareas ADD CONSTRAINT tareas_proyectos FOREIGN KEY(codigo_proyecto)
REFERENCES proyectos(codigo_proyecto) ON DELETE RESTRICT ON UPDATE RESTRICT;