DROP DATABASE IF EXISTS seguimiento_proyectos_bake;
-- -- -----------------------------------------------------------------------------------
CREATE DATABASE seguimiento_proyectos_bake DEFAULT CHARACTER SET latin1 COLLATE latin1_bin;
USE seguimiento_proyectos_bake;
-- ------------------------------------------------------
--  DDL for Table usuarios
-- ------------------------------------------------------
CREATE TABLE usuarios(
	codigo_usuario VARCHAR(30) PRIMARY KEY, 
	nombres_usuario VARCHAR(150), 
	apellidos_usuario VARCHAR(150), 
	nacimiento_usuario DATE, 
	password_usuario VARCHAR(32)
);
-- ------------------------------------------------------
--  DDL for Table proyectos
-- ------------------------------------------------------
CREATE TABLE proyectos(
	codigo_proyecto INT(7) PRIMARY KEY,
	nombre_proyecto VARCHAR(150), 
	descripcion_proyecto VARCHAR(255), 
	inicio_proyecto DATE, 
	fin_proyecto DATE, 
	responsable_proyecto VARCHAR(30)
);
-- ------------------------------------------------------
--  DDL for Table tareas
-- ------------------------------------------------------
CREATE TABLE tareas(
	codigo_tarea INT(7) PRIMARY KEY,
	nombre_tarea VARCHAR(150), 
	descripcion_tarea VARCHAR(255), 
	codigo_proyecto INT(7)
);
-- ------------------------------------------------------
--  DDL for Table responsables
-- ------------------------------------------------------
CREATE TABLE responsables(
	codigo_responsable INT(7) PRIMARY KEY,
	codigo_tarea INT(7),
	codigo_usuario VARCHAR(30)
);

INSERT INTO proyectos(codigo_proyecto,nombre_proyecto,descripcion_proyecto,inicio_proyecto,fin_proyecto,responsable_proyecto) VALUES(101,'E. Sorto','San Miguel','1979-01-10','1986-01-07','It큦 me, Mario!');
INSERT INTO proyectos(codigo_proyecto,nombre_proyecto,descripcion_proyecto,inicio_proyecto,fin_proyecto,responsable_proyecto) VALUES(102,'S. Monjaras','San Juan Tepezontes','1979-04-04','1986-03-07','Titiushko');
INSERT INTO proyectos(codigo_proyecto,nombre_proyecto,descripcion_proyecto,inicio_proyecto,fin_proyecto,responsable_proyecto) VALUES(103,'Q. Gonzalez','Sonsonate','1979-06-01','1986-07-01','Alejandro');
INSERT INTO proyectos(codigo_proyecto,nombre_proyecto,descripcion_proyecto,inicio_proyecto,fin_proyecto,responsable_proyecto) VALUES(104,'S. Alegria','Atiquizaya','1979-09-05','1986-06-11','Erick');
INSERT INTO proyectos(codigo_proyecto,nombre_proyecto,descripcion_proyecto,inicio_proyecto,fin_proyecto,responsable_proyecto) VALUES(105,'P. Cruz','Yamabal','1979-10-12','1986-05-04','Edenilson');
INSERT INTO proyectos(codigo_proyecto,nombre_proyecto,descripcion_proyecto,inicio_proyecto,fin_proyecto,responsable_proyecto) VALUES(106,'D. Pozos','Ahuachapan','1979-11-02','1986-04-14','Yosely');
INSERT INTO proyectos(codigo_proyecto,nombre_proyecto,descripcion_proyecto,inicio_proyecto,fin_proyecto,responsable_proyecto) VALUES(107,'A. Gutierrez','Torola','1979-12-09','1986-12-02','Marvin');
INSERT INTO proyectos(codigo_proyecto,nombre_proyecto,descripcion_proyecto,inicio_proyecto,fin_proyecto,responsable_proyecto) VALUES(108,'A. Sorto','Apastepeque','1980-07-08','1986-11-12','Erika');
INSERT INTO proyectos(codigo_proyecto,nombre_proyecto,descripcion_proyecto,inicio_proyecto,fin_proyecto,responsable_proyecto) VALUES(109,'X. Urbina','San Julian','1980-08-15','1986-10-05','Daniel');
INSERT INTO proyectos(codigo_proyecto,nombre_proyecto,descripcion_proyecto,inicio_proyecto,fin_proyecto,responsable_proyecto) VALUES(110,'K. Galdamez','San Antonio Masahuat','1981-03-14','1986-08-08','Daniel');
INSERT INTO proyectos(codigo_proyecto,nombre_proyecto,descripcion_proyecto,inicio_proyecto,fin_proyecto,responsable_proyecto) VALUES(111,'H. Reyes','Paraiso de Osorio','1981-05-11','1986-01-10','Claudia');
INSERT INTO proyectos(codigo_proyecto,nombre_proyecto,descripcion_proyecto,inicio_proyecto,fin_proyecto,responsable_proyecto) VALUES(112,'G. Calderon','Joateca','1981-01-14','1986-02-10','Karen');
INSERT INTO proyectos(codigo_proyecto,nombre_proyecto,descripcion_proyecto,inicio_proyecto,fin_proyecto,responsable_proyecto) VALUES(113,'C. Alvarado','San Vicente','1981-02-04','1985-08-11','Garcia');
INSERT INTO proyectos(codigo_proyecto,nombre_proyecto,descripcion_proyecto,inicio_proyecto,fin_proyecto,responsable_proyecto) VALUES(114,'O. Duarte','San Vicente','1981-09-02','1985-06-14','It큦 me, Mario!');
INSERT INTO proyectos(codigo_proyecto,nombre_proyecto,descripcion_proyecto,inicio_proyecto,fin_proyecto,responsable_proyecto) VALUES(115,'K. Molina','Santa Ana','1981-04-01','1985-05-07','Sandra');
INSERT INTO proyectos(codigo_proyecto,nombre_proyecto,descripcion_proyecto,inicio_proyecto,fin_proyecto,responsable_proyecto) VALUES(116,'J. Ponce','Cuisnahuat','1981-05-08','1985-03-10','Ivette');
INSERT INTO proyectos(codigo_proyecto,nombre_proyecto,descripcion_proyecto,inicio_proyecto,fin_proyecto,responsable_proyecto) VALUES(117,'E. Lozano','Concepcion Quezaltepeque','1981-07-05','1985-12-05','Josue');
INSERT INTO proyectos(codigo_proyecto,nombre_proyecto,descripcion_proyecto,inicio_proyecto,fin_proyecto,responsable_proyecto) VALUES(118,'P. Mendoza','El Congo','1981-08-12','1985-10-08','Titiushko');
INSERT INTO proyectos(codigo_proyecto,nombre_proyecto,descripcion_proyecto,inicio_proyecto,fin_proyecto,responsable_proyecto) VALUES(119,'K. Perez','Morazan','1981-10-09','1985-07-04','Grissel');
INSERT INTO proyectos(codigo_proyecto,nombre_proyecto,descripcion_proyecto,inicio_proyecto,fin_proyecto,responsable_proyecto) VALUES(120,'I. Perez','Ojos de Agua','1981-12-06','1985-04-10','Tatiana');
INSERT INTO proyectos(codigo_proyecto,nombre_proyecto,descripcion_proyecto,inicio_proyecto,fin_proyecto,responsable_proyecto) VALUES(121,'C. Galdamez','La Union','1981-02-01','1985-09-01','Lisbeth');
INSERT INTO proyectos(codigo_proyecto,nombre_proyecto,descripcion_proyecto,inicio_proyecto,fin_proyecto,responsable_proyecto) VALUES(122,'N. Duarte','San Miguel','1981-03-11','1985-02-03','Ivette');
INSERT INTO proyectos(codigo_proyecto,nombre_proyecto,descripcion_proyecto,inicio_proyecto,fin_proyecto,responsable_proyecto) VALUES(123,'H. Duran','Chapeltique','1981-06-15','1985-01-13','Ingris');
INSERT INTO proyectos(codigo_proyecto,nombre_proyecto,descripcion_proyecto,inicio_proyecto,fin_proyecto,responsable_proyecto) VALUES(124,'E. Brito','Chalatenango','1982-01-11','1985-07-07','Ingris');
INSERT INTO proyectos(codigo_proyecto,nombre_proyecto,descripcion_proyecto,inicio_proyecto,fin_proyecto,responsable_proyecto) VALUES(125,'X. Mejia','San Buenaventura','1982-06-12','1985-05-10','Beatriz');
INSERT INTO proyectos(codigo_proyecto,nombre_proyecto,descripcion_proyecto,inicio_proyecto,fin_proyecto,responsable_proyecto) VALUES(126,'H. Flores','Tacuba','1982-08-09','1985-03-13','Iris');
INSERT INTO proyectos(codigo_proyecto,nombre_proyecto,descripcion_proyecto,inicio_proyecto,fin_proyecto,responsable_proyecto) VALUES(127,'A. Castro','La Union','1982-10-06','1985-10-11','Kevin');
INSERT INTO proyectos(codigo_proyecto,nombre_proyecto,descripcion_proyecto,inicio_proyecto,fin_proyecto,responsable_proyecto) VALUES(128,'W. Romero','Santa Ana','1982-11-13','1985-08-14','Maria');
INSERT INTO proyectos(codigo_proyecto,nombre_proyecto,descripcion_proyecto,inicio_proyecto,fin_proyecto,responsable_proyecto) VALUES(129,'P. Calderon','Morazan','1982-12-03','1985-04-03','Alejandro');
INSERT INTO proyectos(codigo_proyecto,nombre_proyecto,descripcion_proyecto,inicio_proyecto,fin_proyecto,responsable_proyecto) VALUES(130,'Y. Ponce','Aguilares','1982-03-08','1985-12-08','Xiomara');
INSERT INTO proyectos(codigo_proyecto,nombre_proyecto,descripcion_proyecto,inicio_proyecto,fin_proyecto,responsable_proyecto) VALUES(131,'Q. Hernandez','San Miguel','1982-04-15','1985-11-01','Vladimir');
INSERT INTO proyectos(codigo_proyecto,nombre_proyecto,descripcion_proyecto,inicio_proyecto,fin_proyecto,responsable_proyecto) VALUES(132,'M. Vega','Morazan','1982-05-05','1985-09-04','Abigail');
INSERT INTO proyectos(codigo_proyecto,nombre_proyecto,descripcion_proyecto,inicio_proyecto,fin_proyecto,responsable_proyecto) VALUES(133,'E. Bonilla','Chirilagua','1982-07-02','1985-06-10','Karen');
INSERT INTO proyectos(codigo_proyecto,nombre_proyecto,descripcion_proyecto,inicio_proyecto,fin_proyecto,responsable_proyecto) VALUES(134,'M. Mejia','La Libertad','1983-01-08','1985-02-06','Yosely');
INSERT INTO proyectos(codigo_proyecto,nombre_proyecto,descripcion_proyecto,inicio_proyecto,fin_proyecto,responsable_proyecto) VALUES(135,'D. Bonilla','Uluazapa','1983-02-15','1984-12-11','Evelyn');
INSERT INTO proyectos(codigo_proyecto,nombre_proyecto,descripcion_proyecto,inicio_proyecto,fin_proyecto,responsable_proyecto) VALUES(136,'Y. Leon','Jayaque','1983-09-13','1984-10-14','Rodolfo');
INSERT INTO proyectos(codigo_proyecto,nombre_proyecto,descripcion_proyecto,inicio_proyecto,fin_proyecto,responsable_proyecto) VALUES(137,'P. Henriquez','Caba?as','1983-11-10','1984-07-10','Iris');
INSERT INTO proyectos(codigo_proyecto,nombre_proyecto,descripcion_proyecto,inicio_proyecto,fin_proyecto,responsable_proyecto) VALUES(138,'W. Perez','San Antonio Masahuat','1983-12-10','1984-06-03','Alfredo');
INSERT INTO proyectos(codigo_proyecto,nombre_proyecto,descripcion_proyecto,inicio_proyecto,fin_proyecto,responsable_proyecto) VALUES(139,'N. Cabrera','San Luis La Herradura','1983-03-05','1984-05-13','Carlos');
INSERT INTO proyectos(codigo_proyecto,nombre_proyecto,descripcion_proyecto,inicio_proyecto,fin_proyecto,responsable_proyecto) VALUES(140,'H. Gamez','Cuscatlan','1983-04-12','1984-04-06','Ana');
INSERT INTO proyectos(codigo_proyecto,nombre_proyecto,descripcion_proyecto,inicio_proyecto,fin_proyecto,responsable_proyecto) VALUES(141,'X. Carrillo','Morazan','1983-05-02','1984-09-07','Rosa');
INSERT INTO proyectos(codigo_proyecto,nombre_proyecto,descripcion_proyecto,inicio_proyecto,fin_proyecto,responsable_proyecto) VALUES(142,'D. Escobar','Guadalupe','1983-06-09','1984-08-10','Kevin');
INSERT INTO proyectos(codigo_proyecto,nombre_proyecto,descripcion_proyecto,inicio_proyecto,fin_proyecto,responsable_proyecto) VALUES(143,'T. Martinez','San Ignacio','1983-08-06','1984-11-04','Ana');
INSERT INTO proyectos(codigo_proyecto,nombre_proyecto,descripcion_proyecto,inicio_proyecto,fin_proyecto,responsable_proyecto) VALUES(144,'M. Molina','El Rosario','1983-10-03','1984-02-09','Jacqueline');
INSERT INTO proyectos(codigo_proyecto,nombre_proyecto,descripcion_proyecto,inicio_proyecto,fin_proyecto,responsable_proyecto) VALUES(145,'C. Cubas','San Salvador','1983-01-05','1984-01-02','Yosely');
INSERT INTO proyectos(codigo_proyecto,nombre_proyecto,descripcion_proyecto,inicio_proyecto,fin_proyecto,responsable_proyecto) VALUES(146,'I. Cruz','La Libertad','1983-02-12','1984-07-13','Garcia');
INSERT INTO proyectos(codigo_proyecto,nombre_proyecto,descripcion_proyecto,inicio_proyecto,fin_proyecto,responsable_proyecto) VALUES(147,'X. Escobar','La Union','1983-10-10','1984-03-02','It큦 me, Mario!');
INSERT INTO proyectos(codigo_proyecto,nombre_proyecto,descripcion_proyecto,inicio_proyecto,fin_proyecto,responsable_proyecto) VALUES(148,'P. Cornejo','La Union','1984-04-09','1984-12-14','Carmen');
INSERT INTO proyectos(codigo_proyecto,nombre_proyecto,descripcion_proyecto,inicio_proyecto,fin_proyecto,responsable_proyecto) VALUES(149,'E. Oviedo','Santa Ana','1984-06-06','1984-11-07','Nestor');
INSERT INTO proyectos(codigo_proyecto,nombre_proyecto,descripcion_proyecto,inicio_proyecto,fin_proyecto,responsable_proyecto) VALUES(150,'I. Medrano','San Miguel','1984-08-03','1984-09-10','Marlene');
INSERT INTO proyectos(codigo_proyecto,nombre_proyecto,descripcion_proyecto,inicio_proyecto,fin_proyecto,responsable_proyecto) VALUES(151,'X. Hernandez','San Salvador','1984-09-10','1984-08-03','Carmen');
INSERT INTO proyectos(codigo_proyecto,nombre_proyecto,descripcion_proyecto,inicio_proyecto,fin_proyecto,responsable_proyecto) VALUES(152,'O. Contreras','Sonsonate','1984-11-07','1984-06-06','Jimmy');
INSERT INTO proyectos(codigo_proyecto,nombre_proyecto,descripcion_proyecto,inicio_proyecto,fin_proyecto,responsable_proyecto) VALUES(153,'C. Medrano','La Laguna','1984-12-14','1984-04-09','Erika');
INSERT INTO proyectos(codigo_proyecto,nombre_proyecto,descripcion_proyecto,inicio_proyecto,fin_proyecto,responsable_proyecto) VALUES(154,'G. Cornejo','San Vicente','1984-03-02','1983-10-10','Alexander');
INSERT INTO proyectos(codigo_proyecto,nombre_proyecto,descripcion_proyecto,inicio_proyecto,fin_proyecto,responsable_proyecto) VALUES(155,'T. Vega','Jayaque','1984-07-13','1983-02-12','Emperatriz');
INSERT INTO proyectos(codigo_proyecto,nombre_proyecto,descripcion_proyecto,inicio_proyecto,fin_proyecto,responsable_proyecto) VALUES(156,'K. Mendoza','Ilobasco','1984-01-02','1983-01-05','It큦 me, Mario');
INSERT INTO proyectos(codigo_proyecto,nombre_proyecto,descripcion_proyecto,inicio_proyecto,fin_proyecto,responsable_proyecto) VALUES(157,'X. Portillo','San Miguel','1984-02-09','1983-10-03','Sanchez');
INSERT INTO proyectos(codigo_proyecto,nombre_proyecto,descripcion_proyecto,inicio_proyecto,fin_proyecto,responsable_proyecto) VALUES(158,'A. Duran','Santa Rosa de Lima','1984-11-04','1983-08-06','Ernesto');
INSERT INTO proyectos(codigo_proyecto,nombre_proyecto,descripcion_proyecto,inicio_proyecto,fin_proyecto,responsable_proyecto) VALUES(159,'N. Sanchez','La Paz','1984-08-10','1983-06-09','Yosely');
INSERT INTO proyectos(codigo_proyecto,nombre_proyecto,descripcion_proyecto,inicio_proyecto,fin_proyecto,responsable_proyecto) VALUES(160,'D. Flores','San Esteban Catarina','1984-09-07','1983-05-02','Edenilson');
INSERT INTO proyectos(codigo_proyecto,nombre_proyecto,descripcion_proyecto,inicio_proyecto,fin_proyecto,responsable_proyecto) VALUES(161,'P. Gamez','Teotepeque','1984-04-06','1983-04-12','Maria');
INSERT INTO proyectos(codigo_proyecto,nombre_proyecto,descripcion_proyecto,inicio_proyecto,fin_proyecto,responsable_proyecto) VALUES(162,'R. Oviedo','San Rafael','1984-05-13','1983-03-05','It큦 me, Mario!');
INSERT INTO proyectos(codigo_proyecto,nombre_proyecto,descripcion_proyecto,inicio_proyecto,fin_proyecto,responsable_proyecto) VALUES(163,'D. Carrillo','Cuscatlan','1984-06-03','1983-12-10','Jacqueline');
INSERT INTO proyectos(codigo_proyecto,nombre_proyecto,descripcion_proyecto,inicio_proyecto,fin_proyecto,responsable_proyecto) VALUES(164,'S. Henriquez','San Isidro Labrador','1984-07-10','1983-11-10','Lisbeth');
INSERT INTO proyectos(codigo_proyecto,nombre_proyecto,descripcion_proyecto,inicio_proyecto,fin_proyecto,responsable_proyecto) VALUES(165,'D. Fernandez','Ahuachapan','1984-10-14','1983-09-13','Ana');
INSERT INTO proyectos(codigo_proyecto,nombre_proyecto,descripcion_proyecto,inicio_proyecto,fin_proyecto,responsable_proyecto) VALUES(166,'F. Mart?nez','Santa Ana','1984-12-11','1983-02-15','Abigail');
INSERT INTO proyectos(codigo_proyecto,nombre_proyecto,descripcion_proyecto,inicio_proyecto,fin_proyecto,responsable_proyecto) VALUES(167,'Q. Reyes','San Cayetano Istepeque','1985-02-06','1983-01-08','Carlos');
INSERT INTO proyectos(codigo_proyecto,nombre_proyecto,descripcion_proyecto,inicio_proyecto,fin_proyecto,responsable_proyecto) VALUES(168,'E. Urbina','Cuscatlan','1985-06-10','1982-07-02','Rodolfo');
INSERT INTO proyectos(codigo_proyecto,nombre_proyecto,descripcion_proyecto,inicio_proyecto,fin_proyecto,responsable_proyecto) VALUES(169,'P. Orantes','Candelaria','1985-09-04','1982-05-05','Nestor');
INSERT INTO proyectos(codigo_proyecto,nombre_proyecto,descripcion_proyecto,inicio_proyecto,fin_proyecto,responsable_proyecto) VALUES(170,'P. Oviedo','Usulutan','1985-11-01','1982-04-15','Marlene');
INSERT INTO proyectos(codigo_proyecto,nombre_proyecto,descripcion_proyecto,inicio_proyecto,fin_proyecto,responsable_proyecto) VALUES(171,'A. Rivera','Tejutla','1985-12-08','1982-03-08','Ingris');
INSERT INTO proyectos(codigo_proyecto,nombre_proyecto,descripcion_proyecto,inicio_proyecto,fin_proyecto,responsable_proyecto) VALUES(172,'N. Reyes','San Salvador','1985-04-03','1982-12-03','Lisbeth');
INSERT INTO proyectos(codigo_proyecto,nombre_proyecto,descripcion_proyecto,inicio_proyecto,fin_proyecto,responsable_proyecto) VALUES(173,'X. Garcia','Tepecoyo','1985-08-14','1982-11-13','Yamileth');
INSERT INTO proyectos(codigo_proyecto,nombre_proyecto,descripcion_proyecto,inicio_proyecto,fin_proyecto,responsable_proyecto) VALUES(174,'X. Duarte','Usulutan','1985-10-11','1982-10-06','Denis');
INSERT INTO proyectos(codigo_proyecto,nombre_proyecto,descripcion_proyecto,inicio_proyecto,fin_proyecto,responsable_proyecto) VALUES(175,'G. Cubas','Yoloaiquin','1985-03-13','1982-08-09','Marlene');
INSERT INTO proyectos(codigo_proyecto,nombre_proyecto,descripcion_proyecto,inicio_proyecto,fin_proyecto,responsable_proyecto) VALUES(176,'T. Angel','San Buenaventura','1985-05-10','1982-06-12','Evelyn');
INSERT INTO proyectos(codigo_proyecto,nombre_proyecto,descripcion_proyecto,inicio_proyecto,fin_proyecto,responsable_proyecto) VALUES(177,'C. Hernandez','Cuscatlan','1985-07-07','1982-01-11','Alexander');
INSERT INTO proyectos(codigo_proyecto,nombre_proyecto,descripcion_proyecto,inicio_proyecto,fin_proyecto,responsable_proyecto) VALUES(178,'B. Colocho','San Fernando','1985-01-13','1981-06-15','Alfredo');
INSERT INTO proyectos(codigo_proyecto,nombre_proyecto,descripcion_proyecto,inicio_proyecto,fin_proyecto,responsable_proyecto) VALUES(179,'J. Alegria','Caba?as','1985-02-03','1981-03-11','Daniel');
INSERT INTO proyectos(codigo_proyecto,nombre_proyecto,descripcion_proyecto,inicio_proyecto,fin_proyecto,responsable_proyecto) VALUES(180,'V. Ortega','La Libertad','1985-09-01','1981-02-01','Douglas');
INSERT INTO proyectos(codigo_proyecto,nombre_proyecto,descripcion_proyecto,inicio_proyecto,fin_proyecto,responsable_proyecto) VALUES(181,'D. Trinidad','Tecoluca','1985-04-10','1981-12-06','Evelyn');
INSERT INTO proyectos(codigo_proyecto,nombre_proyecto,descripcion_proyecto,inicio_proyecto,fin_proyecto,responsable_proyecto) VALUES(182,'C. Lozano','Caba?as','1985-07-04','1981-10-09','Erika');
INSERT INTO proyectos(codigo_proyecto,nombre_proyecto,descripcion_proyecto,inicio_proyecto,fin_proyecto,responsable_proyecto) VALUES(183,'J. Castro','Santa Ana','1985-10-08','1981-08-12','Alejandro');
INSERT INTO proyectos(codigo_proyecto,nombre_proyecto,descripcion_proyecto,inicio_proyecto,fin_proyecto,responsable_proyecto) VALUES(184,'U. Ortega','Usulutan','1985-12-05','1981-07-05','It큦 me, Mario!');
INSERT INTO proyectos(codigo_proyecto,nombre_proyecto,descripcion_proyecto,inicio_proyecto,fin_proyecto,responsable_proyecto) VALUES(185,'C. Ponce','Sonsonate','1985-03-10','1981-05-08','Boris');
INSERT INTO proyectos(codigo_proyecto,nombre_proyecto,descripcion_proyecto,inicio_proyecto,fin_proyecto,responsable_proyecto) VALUES(186,'Z. Cerritos','San Jose Villanueva','1985-05-07','1981-04-01','Daniel');
INSERT INTO proyectos(codigo_proyecto,nombre_proyecto,descripcion_proyecto,inicio_proyecto,fin_proyecto,responsable_proyecto) VALUES(187,'G. Osorio','Nahuizalco','1985-06-14','1981-09-02','Evelyn');
INSERT INTO proyectos(codigo_proyecto,nombre_proyecto,descripcion_proyecto,inicio_proyecto,fin_proyecto,responsable_proyecto) VALUES(188,'Q. Alvarenga','San Antonio Pajonal','1985-08-11','1981-02-04','Ana');
INSERT INTO proyectos(codigo_proyecto,nombre_proyecto,descripcion_proyecto,inicio_proyecto,fin_proyecto,responsable_proyecto) VALUES(189,'X. Vasquez','Santa Rosa Guachipilin','1986-02-10','1981-01-14','Sandra');
INSERT INTO proyectos(codigo_proyecto,nombre_proyecto,descripcion_proyecto,inicio_proyecto,fin_proyecto,responsable_proyecto) VALUES(190,'T. Cubas','Santa Ana','1986-01-10','1981-05-11','Anthony');
INSERT INTO proyectos(codigo_proyecto,nombre_proyecto,descripcion_proyecto,inicio_proyecto,fin_proyecto,responsable_proyecto) VALUES(191,'A. Molina','Sonsonate','1986-08-08','1981-03-14','Jose');
INSERT INTO proyectos(codigo_proyecto,nombre_proyecto,descripcion_proyecto,inicio_proyecto,fin_proyecto,responsable_proyecto) VALUES(192,'J. Quijada','San Miguel','1986-10-05','1980-08-15','Josue');
INSERT INTO proyectos(codigo_proyecto,nombre_proyecto,descripcion_proyecto,inicio_proyecto,fin_proyecto,responsable_proyecto) VALUES(193,'P. Mejia','Santa Ana','1986-11-12','1980-07-08','Herbert');
INSERT INTO proyectos(codigo_proyecto,nombre_proyecto,descripcion_proyecto,inicio_proyecto,fin_proyecto,responsable_proyecto) VALUES(194,'K. Ortega','La Union','1986-12-02','1979-12-09','Ingris');
INSERT INTO proyectos(codigo_proyecto,nombre_proyecto,descripcion_proyecto,inicio_proyecto,fin_proyecto,responsable_proyecto) VALUES(195,'Q. Roscala','Ahuachapan','1986-04-14','1979-11-02','Lisbeth');
INSERT INTO proyectos(codigo_proyecto,nombre_proyecto,descripcion_proyecto,inicio_proyecto,fin_proyecto,responsable_proyecto) VALUES(196,'Y. Tobar','Concepcion Batres','1986-05-04','1979-10-12','Xiomara');
INSERT INTO proyectos(codigo_proyecto,nombre_proyecto,descripcion_proyecto,inicio_proyecto,fin_proyecto,responsable_proyecto) VALUES(197,'D. Mart?nez','San Antonio del Monte','1986-06-11','1979-09-05','Jenifer');
INSERT INTO proyectos(codigo_proyecto,nombre_proyecto,descripcion_proyecto,inicio_proyecto,fin_proyecto,responsable_proyecto) VALUES(198,'Y. Lopez','Panchimalco','1986-07-01','1979-06-01','Marta');
INSERT INTO proyectos(codigo_proyecto,nombre_proyecto,descripcion_proyecto,inicio_proyecto,fin_proyecto,responsable_proyecto) VALUES(199,'D. Mart?nez','El Carrizal','1986-03-07','1979-04-04','Nestor');
INSERT INTO proyectos(codigo_proyecto,nombre_proyecto,descripcion_proyecto,inicio_proyecto,fin_proyecto,responsable_proyecto) VALUES(200,'K. Guerrero','La Paz','1986-01-07','1979-01-10','Edwin');

INSERT INTO responsables(codigo_responsable,codigo_tarea,codigo_usuario) VALUES('100','132','Denis');
INSERT INTO responsables(codigo_responsable,codigo_tarea,codigo_usuario) VALUES('101','172','Douglas');
INSERT INTO responsables(codigo_responsable,codigo_tarea,codigo_usuario) VALUES('102','189','Karen');
INSERT INTO responsables(codigo_responsable,codigo_tarea,codigo_usuario) VALUES('103','259','Edenilson');
INSERT INTO responsables(codigo_responsable,codigo_tarea,codigo_usuario) VALUES('104','105','Salvador');
INSERT INTO responsables(codigo_responsable,codigo_tarea,codigo_usuario) VALUES('105','240','Francisco');
INSERT INTO responsables(codigo_responsable,codigo_tarea,codigo_usuario) VALUES('106','124','Rosa');
INSERT INTO responsables(codigo_responsable,codigo_tarea,codigo_usuario) VALUES('107','108','Sanchez');
INSERT INTO responsables(codigo_responsable,codigo_tarea,codigo_usuario) VALUES('108','189','Titiushko');
INSERT INTO responsables(codigo_responsable,codigo_tarea,codigo_usuario) VALUES('109','157','Tony');
INSERT INTO responsables(codigo_responsable,codigo_tarea,codigo_usuario) VALUES('110','145','Douglas');
INSERT INTO responsables(codigo_responsable,codigo_tarea,codigo_usuario) VALUES('111','180','Ana');
INSERT INTO responsables(codigo_responsable,codigo_tarea,codigo_usuario) VALUES('112','135','Sandra');
INSERT INTO responsables(codigo_responsable,codigo_tarea,codigo_usuario) VALUES('113','272','Ana');
INSERT INTO responsables(codigo_responsable,codigo_tarea,codigo_usuario) VALUES('114','202','Jazmin');
INSERT INTO responsables(codigo_responsable,codigo_tarea,codigo_usuario) VALUES('115','226','Francisco');
INSERT INTO responsables(codigo_responsable,codigo_tarea,codigo_usuario) VALUES('116','291','Grissel');
INSERT INTO responsables(codigo_responsable,codigo_tarea,codigo_usuario) VALUES('117','136','It?s me, Mario');
INSERT INTO responsables(codigo_responsable,codigo_tarea,codigo_usuario) VALUES('118','245','Elizabeth');
INSERT INTO responsables(codigo_responsable,codigo_tarea,codigo_usuario) VALUES('119','195','Denis');
INSERT INTO responsables(codigo_responsable,codigo_tarea,codigo_usuario) VALUES('120','208','Hector');
INSERT INTO responsables(codigo_responsable,codigo_tarea,codigo_usuario) VALUES('121','298','Jazmin');
INSERT INTO responsables(codigo_responsable,codigo_tarea,codigo_usuario) VALUES('122','224','Edwin');
INSERT INTO responsables(codigo_responsable,codigo_tarea,codigo_usuario) VALUES('123','238','Salvador');
INSERT INTO responsables(codigo_responsable,codigo_tarea,codigo_usuario) VALUES('124','236','Ana');
INSERT INTO responsables(codigo_responsable,codigo_tarea,codigo_usuario) VALUES('125','108','Alejandra');
INSERT INTO responsables(codigo_responsable,codigo_tarea,codigo_usuario) VALUES('126','288','Yosely');
INSERT INTO responsables(codigo_responsable,codigo_tarea,codigo_usuario) VALUES('127','104','Salvador');
INSERT INTO responsables(codigo_responsable,codigo_tarea,codigo_usuario) VALUES('128','125','Marvin');
INSERT INTO responsables(codigo_responsable,codigo_tarea,codigo_usuario) VALUES('129','117','Novoa');
INSERT INTO responsables(codigo_responsable,codigo_tarea,codigo_usuario) VALUES('130','189','Maria');
INSERT INTO responsables(codigo_responsable,codigo_tarea,codigo_usuario) VALUES('131','143','Garcia');
INSERT INTO responsables(codigo_responsable,codigo_tarea,codigo_usuario) VALUES('132','225','It?s me, Mario!');
INSERT INTO responsables(codigo_responsable,codigo_tarea,codigo_usuario) VALUES('133','275','Jazmin');
INSERT INTO responsables(codigo_responsable,codigo_tarea,codigo_usuario) VALUES('134','276','Jenifer');
INSERT INTO responsables(codigo_responsable,codigo_tarea,codigo_usuario) VALUES('135','106','Iris');
INSERT INTO responsables(codigo_responsable,codigo_tarea,codigo_usuario) VALUES('136','286','Rodolfo');
INSERT INTO responsables(codigo_responsable,codigo_tarea,codigo_usuario) VALUES('137','130','Lisbeth');
INSERT INTO responsables(codigo_responsable,codigo_tarea,codigo_usuario) VALUES('138','298','Sanchez');
INSERT INTO responsables(codigo_responsable,codigo_tarea,codigo_usuario) VALUES('139','142','Titiushko');
INSERT INTO responsables(codigo_responsable,codigo_tarea,codigo_usuario) VALUES('140','258','Alfredo');
INSERT INTO responsables(codigo_responsable,codigo_tarea,codigo_usuario) VALUES('141','235','Marta');
INSERT INTO responsables(codigo_responsable,codigo_tarea,codigo_usuario) VALUES('142','207','Jazmin');
INSERT INTO responsables(codigo_responsable,codigo_tarea,codigo_usuario) VALUES('143','202','Xiomara');
INSERT INTO responsables(codigo_responsable,codigo_tarea,codigo_usuario) VALUES('144','290','Ana');
INSERT INTO responsables(codigo_responsable,codigo_tarea,codigo_usuario) VALUES('145','137','Maria');
INSERT INTO responsables(codigo_responsable,codigo_tarea,codigo_usuario) VALUES('146','151','Ivette');
INSERT INTO responsables(codigo_responsable,codigo_tarea,codigo_usuario) VALUES('147','235','Yamileth');
INSERT INTO responsables(codigo_responsable,codigo_tarea,codigo_usuario) VALUES('148','134','Edenilson');
INSERT INTO responsables(codigo_responsable,codigo_tarea,codigo_usuario) VALUES('149','188','Tatiana');
INSERT INTO responsables(codigo_responsable,codigo_tarea,codigo_usuario) VALUES('150','282','Yosely');
INSERT INTO responsables(codigo_responsable,codigo_tarea,codigo_usuario) VALUES('151','192','Carlos');
INSERT INTO responsables(codigo_responsable,codigo_tarea,codigo_usuario) VALUES('152','139','Yamileth');
INSERT INTO responsables(codigo_responsable,codigo_tarea,codigo_usuario) VALUES('153','138','Edgardo');
INSERT INTO responsables(codigo_responsable,codigo_tarea,codigo_usuario) VALUES('154','148','Garcia');
INSERT INTO responsables(codigo_responsable,codigo_tarea,codigo_usuario) VALUES('155','222','Erika');
INSERT INTO responsables(codigo_responsable,codigo_tarea,codigo_usuario) VALUES('156','254','Isabel');
INSERT INTO responsables(codigo_responsable,codigo_tarea,codigo_usuario) VALUES('157','136','Lisbeth');
INSERT INTO responsables(codigo_responsable,codigo_tarea,codigo_usuario) VALUES('158','101','Isabel');
INSERT INTO responsables(codigo_responsable,codigo_tarea,codigo_usuario) VALUES('159','275','Ivonne');
INSERT INTO responsables(codigo_responsable,codigo_tarea,codigo_usuario) VALUES('160','231','Herbert');
INSERT INTO responsables(codigo_responsable,codigo_tarea,codigo_usuario) VALUES('161','132','Xiomara');
INSERT INTO responsables(codigo_responsable,codigo_tarea,codigo_usuario) VALUES('162','289','Titiushko');
INSERT INTO responsables(codigo_responsable,codigo_tarea,codigo_usuario) VALUES('163','102','Jacqueline');
INSERT INTO responsables(codigo_responsable,codigo_tarea,codigo_usuario) VALUES('164','218','Beatriz');
INSERT INTO responsables(codigo_responsable,codigo_tarea,codigo_usuario) VALUES('165','277','Jenifer');
INSERT INTO responsables(codigo_responsable,codigo_tarea,codigo_usuario) VALUES('166','263','Novoa');
INSERT INTO responsables(codigo_responsable,codigo_tarea,codigo_usuario) VALUES('167','252','Garcia');
INSERT INTO responsables(codigo_responsable,codigo_tarea,codigo_usuario) VALUES('168','167','Titiushko');
INSERT INTO responsables(codigo_responsable,codigo_tarea,codigo_usuario) VALUES('169','121','Jimmy');
INSERT INTO responsables(codigo_responsable,codigo_tarea,codigo_usuario) VALUES('170','173','Beatriz');
INSERT INTO responsables(codigo_responsable,codigo_tarea,codigo_usuario) VALUES('171','276','Emperatriz');
INSERT INTO responsables(codigo_responsable,codigo_tarea,codigo_usuario) VALUES('172','226','Rosa');
INSERT INTO responsables(codigo_responsable,codigo_tarea,codigo_usuario) VALUES('173','212','Jazmin');
INSERT INTO responsables(codigo_responsable,codigo_tarea,codigo_usuario) VALUES('174','169','Jimmy');
INSERT INTO responsables(codigo_responsable,codigo_tarea,codigo_usuario) VALUES('175','123','Tony');
INSERT INTO responsables(codigo_responsable,codigo_tarea,codigo_usuario) VALUES('176','146','Alejandra');
INSERT INTO responsables(codigo_responsable,codigo_tarea,codigo_usuario) VALUES('177','103','Garcia');
INSERT INTO responsables(codigo_responsable,codigo_tarea,codigo_usuario) VALUES('178','201','Ivonne');
INSERT INTO responsables(codigo_responsable,codigo_tarea,codigo_usuario) VALUES('179','144','Karen');
INSERT INTO responsables(codigo_responsable,codigo_tarea,codigo_usuario) VALUES('180','277','Manuel');
INSERT INTO responsables(codigo_responsable,codigo_tarea,codigo_usuario) VALUES('181','141','Erika');
INSERT INTO responsables(codigo_responsable,codigo_tarea,codigo_usuario) VALUES('182','219','Emperatriz');
INSERT INTO responsables(codigo_responsable,codigo_tarea,codigo_usuario) VALUES('183','288','It?s me, Mario!');
INSERT INTO responsables(codigo_responsable,codigo_tarea,codigo_usuario) VALUES('184','170','Maria');
INSERT INTO responsables(codigo_responsable,codigo_tarea,codigo_usuario) VALUES('185','278','Alejandro');
INSERT INTO responsables(codigo_responsable,codigo_tarea,codigo_usuario) VALUES('186','173','Edwin');
INSERT INTO responsables(codigo_responsable,codigo_tarea,codigo_usuario) VALUES('187','106','Jimmy');
INSERT INTO responsables(codigo_responsable,codigo_tarea,codigo_usuario) VALUES('188','173','Xiomara');
INSERT INTO responsables(codigo_responsable,codigo_tarea,codigo_usuario) VALUES('189','264','Marlene');
INSERT INTO responsables(codigo_responsable,codigo_tarea,codigo_usuario) VALUES('190','213','Beatriz');
INSERT INTO responsables(codigo_responsable,codigo_tarea,codigo_usuario) VALUES('191','147','Abigail');
INSERT INTO responsables(codigo_responsable,codigo_tarea,codigo_usuario) VALUES('192','237','Grissel');
INSERT INTO responsables(codigo_responsable,codigo_tarea,codigo_usuario) VALUES('193','248','Guillermo');
INSERT INTO responsables(codigo_responsable,codigo_tarea,codigo_usuario) VALUES('194','288','Manuel');
INSERT INTO responsables(codigo_responsable,codigo_tarea,codigo_usuario) VALUES('195','161','Garcia');
INSERT INTO responsables(codigo_responsable,codigo_tarea,codigo_usuario) VALUES('196','112','Vladimir');
INSERT INTO responsables(codigo_responsable,codigo_tarea,codigo_usuario) VALUES('197','180','Novoa');
INSERT INTO responsables(codigo_responsable,codigo_tarea,codigo_usuario) VALUES('198','150','Tony');
INSERT INTO responsables(codigo_responsable,codigo_tarea,codigo_usuario) VALUES('199','299','Isabel');
INSERT INTO responsables(codigo_responsable,codigo_tarea,codigo_usuario) VALUES('200','147','Jose');
INSERT INTO responsables(codigo_responsable,codigo_tarea,codigo_usuario) VALUES('201','211','Sanchez');
INSERT INTO responsables(codigo_responsable,codigo_tarea,codigo_usuario) VALUES('202','148','Douglas');
INSERT INTO responsables(codigo_responsable,codigo_tarea,codigo_usuario) VALUES('203','110','Jimmy');
INSERT INTO responsables(codigo_responsable,codigo_tarea,codigo_usuario) VALUES('204','294','Iris');
INSERT INTO responsables(codigo_responsable,codigo_tarea,codigo_usuario) VALUES('205','290','Marta');
INSERT INTO responsables(codigo_responsable,codigo_tarea,codigo_usuario) VALUES('206','231','Ernesto');
INSERT INTO responsables(codigo_responsable,codigo_tarea,codigo_usuario) VALUES('207','145','Beatriz');
INSERT INTO responsables(codigo_responsable,codigo_tarea,codigo_usuario) VALUES('208','102','Alexander');
INSERT INTO responsables(codigo_responsable,codigo_tarea,codigo_usuario) VALUES('209','168','Yosely');
INSERT INTO responsables(codigo_responsable,codigo_tarea,codigo_usuario) VALUES('210','151','Erika');
INSERT INTO responsables(codigo_responsable,codigo_tarea,codigo_usuario) VALUES('211','153','Anthony');
INSERT INTO responsables(codigo_responsable,codigo_tarea,codigo_usuario) VALUES('212','121','Marvin');
INSERT INTO responsables(codigo_responsable,codigo_tarea,codigo_usuario) VALUES('213','194','Douglas');
INSERT INTO responsables(codigo_responsable,codigo_tarea,codigo_usuario) VALUES('214','256','Emperatriz');
INSERT INTO responsables(codigo_responsable,codigo_tarea,codigo_usuario) VALUES('215','285','Ingris');
INSERT INTO responsables(codigo_responsable,codigo_tarea,codigo_usuario) VALUES('216','100','Melissa');
INSERT INTO responsables(codigo_responsable,codigo_tarea,codigo_usuario) VALUES('217','119','Yosely');
INSERT INTO responsables(codigo_responsable,codigo_tarea,codigo_usuario) VALUES('218','297','Melissa');
INSERT INTO responsables(codigo_responsable,codigo_tarea,codigo_usuario) VALUES('219','290','Ivette');
INSERT INTO responsables(codigo_responsable,codigo_tarea,codigo_usuario) VALUES('220','191','Rodolfo');
INSERT INTO responsables(codigo_responsable,codigo_tarea,codigo_usuario) VALUES('221','292','Tatiana');
INSERT INTO responsables(codigo_responsable,codigo_tarea,codigo_usuario) VALUES('222','225','Jimmy');
INSERT INTO responsables(codigo_responsable,codigo_tarea,codigo_usuario) VALUES('223','118','Jose');
INSERT INTO responsables(codigo_responsable,codigo_tarea,codigo_usuario) VALUES('224','143','Edenilson');
INSERT INTO responsables(codigo_responsable,codigo_tarea,codigo_usuario) VALUES('225','263','Guillermo');
INSERT INTO responsables(codigo_responsable,codigo_tarea,codigo_usuario) VALUES('226','188','Jazmin');
INSERT INTO responsables(codigo_responsable,codigo_tarea,codigo_usuario) VALUES('227','120','Garcia');
INSERT INTO responsables(codigo_responsable,codigo_tarea,codigo_usuario) VALUES('228','105','Ivonne');
INSERT INTO responsables(codigo_responsable,codigo_tarea,codigo_usuario) VALUES('229','183','Denis');
INSERT INTO responsables(codigo_responsable,codigo_tarea,codigo_usuario) VALUES('230','137','Jazmin');
INSERT INTO responsables(codigo_responsable,codigo_tarea,codigo_usuario) VALUES('231','245','Kevin');
INSERT INTO responsables(codigo_responsable,codigo_tarea,codigo_usuario) VALUES('232','228','Daniel');
INSERT INTO responsables(codigo_responsable,codigo_tarea,codigo_usuario) VALUES('233','201','Francisco');
INSERT INTO responsables(codigo_responsable,codigo_tarea,codigo_usuario) VALUES('234','222','Ingris');
INSERT INTO responsables(codigo_responsable,codigo_tarea,codigo_usuario) VALUES('235','244','Kevin');
INSERT INTO responsables(codigo_responsable,codigo_tarea,codigo_usuario) VALUES('236','263','Sandra');
INSERT INTO responsables(codigo_responsable,codigo_tarea,codigo_usuario) VALUES('237','268','Francisco');
INSERT INTO responsables(codigo_responsable,codigo_tarea,codigo_usuario) VALUES('238','193','Ernesto');
INSERT INTO responsables(codigo_responsable,codigo_tarea,codigo_usuario) VALUES('239','266','Lisbeth');
INSERT INTO responsables(codigo_responsable,codigo_tarea,codigo_usuario) VALUES('240','158','Edgardo');
INSERT INTO responsables(codigo_responsable,codigo_tarea,codigo_usuario) VALUES('241','133','Maria');
INSERT INTO responsables(codigo_responsable,codigo_tarea,codigo_usuario) VALUES('242','200','Herbert');
INSERT INTO responsables(codigo_responsable,codigo_tarea,codigo_usuario) VALUES('243','262','Garcia');
INSERT INTO responsables(codigo_responsable,codigo_tarea,codigo_usuario) VALUES('244','264','Xiomara');
INSERT INTO responsables(codigo_responsable,codigo_tarea,codigo_usuario) VALUES('245','147','Alexander');
INSERT INTO responsables(codigo_responsable,codigo_tarea,codigo_usuario) VALUES('246','193','Hector');
INSERT INTO responsables(codigo_responsable,codigo_tarea,codigo_usuario) VALUES('247','181','Beatriz');
INSERT INTO responsables(codigo_responsable,codigo_tarea,codigo_usuario) VALUES('248','131','Jimmy');
INSERT INTO responsables(codigo_responsable,codigo_tarea,codigo_usuario) VALUES('249','259','Kevin');
INSERT INTO responsables(codigo_responsable,codigo_tarea,codigo_usuario) VALUES('250','122','Ernesto');
INSERT INTO responsables(codigo_responsable,codigo_tarea,codigo_usuario) VALUES('251','174','Grissel');
INSERT INTO responsables(codigo_responsable,codigo_tarea,codigo_usuario) VALUES('252','109','Evelyn');
INSERT INTO responsables(codigo_responsable,codigo_tarea,codigo_usuario) VALUES('253','219','Tony');
INSERT INTO responsables(codigo_responsable,codigo_tarea,codigo_usuario) VALUES('254','137','It?s me, Mario');
INSERT INTO responsables(codigo_responsable,codigo_tarea,codigo_usuario) VALUES('255','190','Alexander');
INSERT INTO responsables(codigo_responsable,codigo_tarea,codigo_usuario) VALUES('256','148','Ivonne');
INSERT INTO responsables(codigo_responsable,codigo_tarea,codigo_usuario) VALUES('257','178','Ana');
INSERT INTO responsables(codigo_responsable,codigo_tarea,codigo_usuario) VALUES('258','188','Jazmin');
INSERT INTO responsables(codigo_responsable,codigo_tarea,codigo_usuario) VALUES('259','179','Elizabeth');
INSERT INTO responsables(codigo_responsable,codigo_tarea,codigo_usuario) VALUES('260','198','Abigail');
INSERT INTO responsables(codigo_responsable,codigo_tarea,codigo_usuario) VALUES('261','286','Sandra');
INSERT INTO responsables(codigo_responsable,codigo_tarea,codigo_usuario) VALUES('262','224','Anthony');
INSERT INTO responsables(codigo_responsable,codigo_tarea,codigo_usuario) VALUES('263','292','Sanchez');
INSERT INTO responsables(codigo_responsable,codigo_tarea,codigo_usuario) VALUES('264','209','Edgardo');
INSERT INTO responsables(codigo_responsable,codigo_tarea,codigo_usuario) VALUES('265','291','Tony');
INSERT INTO responsables(codigo_responsable,codigo_tarea,codigo_usuario) VALUES('266','197','Manuel');
INSERT INTO responsables(codigo_responsable,codigo_tarea,codigo_usuario) VALUES('267','278','Lisbeth');
INSERT INTO responsables(codigo_responsable,codigo_tarea,codigo_usuario) VALUES('268','131','Lisbeth');
INSERT INTO responsables(codigo_responsable,codigo_tarea,codigo_usuario) VALUES('269','146','Manuel');
INSERT INTO responsables(codigo_responsable,codigo_tarea,codigo_usuario) VALUES('270','255','Iris');
INSERT INTO responsables(codigo_responsable,codigo_tarea,codigo_usuario) VALUES('271','288','Grissel');
INSERT INTO responsables(codigo_responsable,codigo_tarea,codigo_usuario) VALUES('272','114','Edenilson');
INSERT INTO responsables(codigo_responsable,codigo_tarea,codigo_usuario) VALUES('273','198','Erick');
INSERT INTO responsables(codigo_responsable,codigo_tarea,codigo_usuario) VALUES('274','150','Herbert');
INSERT INTO responsables(codigo_responsable,codigo_tarea,codigo_usuario) VALUES('275','271','Douglas');
INSERT INTO responsables(codigo_responsable,codigo_tarea,codigo_usuario) VALUES('276','108','Salvador');
INSERT INTO responsables(codigo_responsable,codigo_tarea,codigo_usuario) VALUES('277','199','Alexander');
INSERT INTO responsables(codigo_responsable,codigo_tarea,codigo_usuario) VALUES('278','230','Edenilson');
INSERT INTO responsables(codigo_responsable,codigo_tarea,codigo_usuario) VALUES('279','178','Marta');
INSERT INTO responsables(codigo_responsable,codigo_tarea,codigo_usuario) VALUES('280','262','Herbert');
INSERT INTO responsables(codigo_responsable,codigo_tarea,codigo_usuario) VALUES('281','299','Xiomara');
INSERT INTO responsables(codigo_responsable,codigo_tarea,codigo_usuario) VALUES('282','247','Denis');
INSERT INTO responsables(codigo_responsable,codigo_tarea,codigo_usuario) VALUES('283','158','Ana');
INSERT INTO responsables(codigo_responsable,codigo_tarea,codigo_usuario) VALUES('284','128','Jazmin');
INSERT INTO responsables(codigo_responsable,codigo_tarea,codigo_usuario) VALUES('285','247','Jacqueline');
INSERT INTO responsables(codigo_responsable,codigo_tarea,codigo_usuario) VALUES('286','149','Edwin');
INSERT INTO responsables(codigo_responsable,codigo_tarea,codigo_usuario) VALUES('287','161','Beatriz');
INSERT INTO responsables(codigo_responsable,codigo_tarea,codigo_usuario) VALUES('288','254','Jose');
INSERT INTO responsables(codigo_responsable,codigo_tarea,codigo_usuario) VALUES('289','193','Melissa');
INSERT INTO responsables(codigo_responsable,codigo_tarea,codigo_usuario) VALUES('290','287','It?s me, Mario!');
INSERT INTO responsables(codigo_responsable,codigo_tarea,codigo_usuario) VALUES('291','138','Rosa');
INSERT INTO responsables(codigo_responsable,codigo_tarea,codigo_usuario) VALUES('292','192','Kevin');
INSERT INTO responsables(codigo_responsable,codigo_tarea,codigo_usuario) VALUES('293','288','Ingris');
INSERT INTO responsables(codigo_responsable,codigo_tarea,codigo_usuario) VALUES('294','211','Melissa');
INSERT INTO responsables(codigo_responsable,codigo_tarea,codigo_usuario) VALUES('295','238','Isabel');
INSERT INTO responsables(codigo_responsable,codigo_tarea,codigo_usuario) VALUES('296','290','Ana');
INSERT INTO responsables(codigo_responsable,codigo_tarea,codigo_usuario) VALUES('297','282','Jimmy');
INSERT INTO responsables(codigo_responsable,codigo_tarea,codigo_usuario) VALUES('298','271','Josue');
INSERT INTO responsables(codigo_responsable,codigo_tarea,codigo_usuario) VALUES('299','212','Alfredo');

INSERT INTO tareas(codigo_tarea,nombre_tarea,descripcion_tarea,codigo_proyecto) VALUES('100','V. Flores','Pasaquina','124');
INSERT INTO tareas(codigo_tarea,nombre_tarea,descripcion_tarea,codigo_proyecto) VALUES('101','C. Pacheco','Santa Ana','158');
INSERT INTO tareas(codigo_tarea,nombre_tarea,descripcion_tarea,codigo_proyecto) VALUES('102','G. Fernandez','Candelaria','105');
INSERT INTO tareas(codigo_tarea,nombre_tarea,descripcion_tarea,codigo_proyecto) VALUES('103','A. Mart?nez','Yoloaiquin','166');
INSERT INTO tareas(codigo_tarea,nombre_tarea,descripcion_tarea,codigo_proyecto) VALUES('104','M. Hilario','Caba?as','127');
INSERT INTO tareas(codigo_tarea,nombre_tarea,descripcion_tarea,codigo_proyecto) VALUES('105','F. Cubas','Nahulingo','185');
INSERT INTO tareas(codigo_tarea,nombre_tarea,descripcion_tarea,codigo_proyecto) VALUES('106','U. Castro','San Miguel','169');
INSERT INTO tareas(codigo_tarea,nombre_tarea,descripcion_tarea,codigo_proyecto) VALUES('107','S. Alvarado','Chalatenango','169');
INSERT INTO tareas(codigo_tarea,nombre_tarea,descripcion_tarea,codigo_proyecto) VALUES('108','Z. Gamez','Santa Clara','158');
INSERT INTO tareas(codigo_tarea,nombre_tarea,descripcion_tarea,codigo_proyecto) VALUES('109','B. Mencos','Chiltiupan','120');
INSERT INTO tareas(codigo_tarea,nombre_tarea,descripcion_tarea,codigo_proyecto) VALUES('110','J. Gonzalez','Usulutan','173');
INSERT INTO tareas(codigo_tarea,nombre_tarea,descripcion_tarea,codigo_proyecto) VALUES('111','H. Vega','Arambala','193');
INSERT INTO tareas(codigo_tarea,nombre_tarea,descripcion_tarea,codigo_proyecto) VALUES('112','R. Cornejo','Nuevo Cuscatlan','141');
INSERT INTO tareas(codigo_tarea,nombre_tarea,descripcion_tarea,codigo_proyecto) VALUES('113','W. Urbina','San Juan Opico','189');
INSERT INTO tareas(codigo_tarea,nombre_tarea,descripcion_tarea,codigo_proyecto) VALUES('114','E. Cruz','San Luis de la Reina','141');
INSERT INTO tareas(codigo_tarea,nombre_tarea,descripcion_tarea,codigo_proyecto) VALUES('115','X. Morales','La Paz','162');
INSERT INTO tareas(codigo_tarea,nombre_tarea,descripcion_tarea,codigo_proyecto) VALUES('116','S. Galdamez','San Jorge','101');
INSERT INTO tareas(codigo_tarea,nombre_tarea,descripcion_tarea,codigo_proyecto) VALUES('117','X. Novoa','Ahuachapan','116');
INSERT INTO tareas(codigo_tarea,nombre_tarea,descripcion_tarea,codigo_proyecto) VALUES('118','O. Urbina','Armenia','200');
INSERT INTO tareas(codigo_tarea,nombre_tarea,descripcion_tarea,codigo_proyecto) VALUES('119','W. Carrillo','Sonsonate','104');
INSERT INTO tareas(codigo_tarea,nombre_tarea,descripcion_tarea,codigo_proyecto) VALUES('120','L. Urbina','San Vicente','164');
INSERT INTO tareas(codigo_tarea,nombre_tarea,descripcion_tarea,codigo_proyecto) VALUES('121','J. Roscala','Santa Ana','127');
INSERT INTO tareas(codigo_tarea,nombre_tarea,descripcion_tarea,codigo_proyecto) VALUES('122','R. Portillo','Usulutan','173');
INSERT INTO tareas(codigo_tarea,nombre_tarea,descripcion_tarea,codigo_proyecto) VALUES('123','L. Tobar','Olocuilta','141');
INSERT INTO tareas(codigo_tarea,nombre_tarea,descripcion_tarea,codigo_proyecto) VALUES('124','B. Echeverria','San Antonio del Mosco','154');
INSERT INTO tareas(codigo_tarea,nombre_tarea,descripcion_tarea,codigo_proyecto) VALUES('125','O. Trinidad','La Paz','147');
INSERT INTO tareas(codigo_tarea,nombre_tarea,descripcion_tarea,codigo_proyecto) VALUES('126','V. Valencia','Cacaopera','186');
INSERT INTO tareas(codigo_tarea,nombre_tarea,descripcion_tarea,codigo_proyecto) VALUES('127','V. Avelar','San Salvador','199');
INSERT INTO tareas(codigo_tarea,nombre_tarea,descripcion_tarea,codigo_proyecto) VALUES('128','V. Ochoa','Conchagua','197');
INSERT INTO tareas(codigo_tarea,nombre_tarea,descripcion_tarea,codigo_proyecto) VALUES('129','S. Aguilar','San Pedro Puxtla','200');
INSERT INTO tareas(codigo_tarea,nombre_tarea,descripcion_tarea,codigo_proyecto) VALUES('130','H. Ponce','La Union','164');
INSERT INTO tareas(codigo_tarea,nombre_tarea,descripcion_tarea,codigo_proyecto) VALUES('131','H. Trinidad','Morazan','103');
INSERT INTO tareas(codigo_tarea,nombre_tarea,descripcion_tarea,codigo_proyecto) VALUES('132','Z. Cornejo','San Ildefonso','116');
INSERT INTO tareas(codigo_tarea,nombre_tarea,descripcion_tarea,codigo_proyecto) VALUES('133','C. Gutierrez','San Miguel','112');
INSERT INTO tareas(codigo_tarea,nombre_tarea,descripcion_tarea,codigo_proyecto) VALUES('134','F. Guzman','Morazan','132');
INSERT INTO tareas(codigo_tarea,nombre_tarea,descripcion_tarea,codigo_proyecto) VALUES('135','C. Ortiz','Morazan','179');
INSERT INTO tareas(codigo_tarea,nombre_tarea,descripcion_tarea,codigo_proyecto) VALUES('136','U. Escobar','La Libertad','138');
INSERT INTO tareas(codigo_tarea,nombre_tarea,descripcion_tarea,codigo_proyecto) VALUES('137','X. Garcia','La Union','107');
INSERT INTO tareas(codigo_tarea,nombre_tarea,descripcion_tarea,codigo_proyecto) VALUES('138','Y. Cruz','Armenia','114');
INSERT INTO tareas(codigo_tarea,nombre_tarea,descripcion_tarea,codigo_proyecto) VALUES('139','N. Ochoa','Ereguayquin','150');
INSERT INTO tareas(codigo_tarea,nombre_tarea,descripcion_tarea,codigo_proyecto) VALUES('140','N. Brito','Chalatenango','188');
INSERT INTO tareas(codigo_tarea,nombre_tarea,descripcion_tarea,codigo_proyecto) VALUES('141','L. Calderon','San Cayetano Istepeque','111');
INSERT INTO tareas(codigo_tarea,nombre_tarea,descripcion_tarea,codigo_proyecto) VALUES('142','S. Gomez','Meanguera del Golfo','137');
INSERT INTO tareas(codigo_tarea,nombre_tarea,descripcion_tarea,codigo_proyecto) VALUES('143','T. Alegria','Santa Ana','143');
INSERT INTO tareas(codigo_tarea,nombre_tarea,descripcion_tarea,codigo_proyecto) VALUES('144','J. Uceda','San Miguel','190');
INSERT INTO tareas(codigo_tarea,nombre_tarea,descripcion_tarea,codigo_proyecto) VALUES('145','Y. Valencia','Tamanique','149');
INSERT INTO tareas(codigo_tarea,nombre_tarea,descripcion_tarea,codigo_proyecto) VALUES('146','T. Carrillo','La Union','124');
INSERT INTO tareas(codigo_tarea,nombre_tarea,descripcion_tarea,codigo_proyecto) VALUES('147','B. Beltran','El Carmen','181');
INSERT INTO tareas(codigo_tarea,nombre_tarea,descripcion_tarea,codigo_proyecto) VALUES('148','Q. Vega','La Paz','169');
INSERT INTO tareas(codigo_tarea,nombre_tarea,descripcion_tarea,codigo_proyecto) VALUES('149','Q. Ayala','San Vicente','145');
INSERT INTO tareas(codigo_tarea,nombre_tarea,descripcion_tarea,codigo_proyecto) VALUES('150','H. Rafaelano','San Salvador','101');
INSERT INTO tareas(codigo_tarea,nombre_tarea,descripcion_tarea,codigo_proyecto) VALUES('151','S. Ayala','Rosario de Mora','191');
INSERT INTO tareas(codigo_tarea,nombre_tarea,descripcion_tarea,codigo_proyecto) VALUES('152','N. Martinez','Paraiso de Osorio','150');
INSERT INTO tareas(codigo_tarea,nombre_tarea,descripcion_tarea,codigo_proyecto) VALUES('153','V. Ponce','Tejutepeque','124');
INSERT INTO tareas(codigo_tarea,nombre_tarea,descripcion_tarea,codigo_proyecto) VALUES('154','P. Mencos','Usulutan','193');
INSERT INTO tareas(codigo_tarea,nombre_tarea,descripcion_tarea,codigo_proyecto) VALUES('155','Z. Diaz','Ahuachapan','197');
INSERT INTO tareas(codigo_tarea,nombre_tarea,descripcion_tarea,codigo_proyecto) VALUES('156','I. Rivas','Santa Rosa de Lima','159');
INSERT INTO tareas(codigo_tarea,nombre_tarea,descripcion_tarea,codigo_proyecto) VALUES('157','S. Cruz','Sonsonate','113');
INSERT INTO tareas(codigo_tarea,nombre_tarea,descripcion_tarea,codigo_proyecto) VALUES('158','Y. Osorio','Santa Rosa de Lima','125');
INSERT INTO tareas(codigo_tarea,nombre_tarea,descripcion_tarea,codigo_proyecto) VALUES('159','B. Romero','Caba?as','124');
INSERT INTO tareas(codigo_tarea,nombre_tarea,descripcion_tarea,codigo_proyecto) VALUES('160','H. Bonilla','Cuyultitlan','120');
INSERT INTO tareas(codigo_tarea,nombre_tarea,descripcion_tarea,codigo_proyecto) VALUES('161','O. Pozos','Ahuachapan','135');
INSERT INTO tareas(codigo_tarea,nombre_tarea,descripcion_tarea,codigo_proyecto) VALUES('162','O. Henriquez','Delgado','122');
INSERT INTO tareas(codigo_tarea,nombre_tarea,descripcion_tarea,codigo_proyecto) VALUES('163','F. Calderon','Perquin','197');
INSERT INTO tareas(codigo_tarea,nombre_tarea,descripcion_tarea,codigo_proyecto) VALUES('164','Q. Novoa','Usulutan','159');
INSERT INTO tareas(codigo_tarea,nombre_tarea,descripcion_tarea,codigo_proyecto) VALUES('165','P. Morales','San Vicente','115');
INSERT INTO tareas(codigo_tarea,nombre_tarea,descripcion_tarea,codigo_proyecto) VALUES('166','S. Angel','La Union','109');
INSERT INTO tareas(codigo_tarea,nombre_tarea,descripcion_tarea,codigo_proyecto) VALUES('167','S. Gamez','El Carmen','141');
INSERT INTO tareas(codigo_tarea,nombre_tarea,descripcion_tarea,codigo_proyecto) VALUES('168','Q. Ochoa','Cuscatlan','200');
INSERT INTO tareas(codigo_tarea,nombre_tarea,descripcion_tarea,codigo_proyecto) VALUES('169','C. Aguilar','Yamabal','179');
INSERT INTO tareas(codigo_tarea,nombre_tarea,descripcion_tarea,codigo_proyecto) VALUES('170','Q. Pozos','Cuyultitlan','110');
INSERT INTO tareas(codigo_tarea,nombre_tarea,descripcion_tarea,codigo_proyecto) VALUES('171','U. Perez','Chalatenango','182');
INSERT INTO tareas(codigo_tarea,nombre_tarea,descripcion_tarea,codigo_proyecto) VALUES('172','N. Gonzalez','Guatajiagua','168');
INSERT INTO tareas(codigo_tarea,nombre_tarea,descripcion_tarea,codigo_proyecto) VALUES('173','I. Contreras','Acajutla','152');
INSERT INTO tareas(codigo_tarea,nombre_tarea,descripcion_tarea,codigo_proyecto) VALUES('174','O. Sanchez','El Divisadero','151');
INSERT INTO tareas(codigo_tarea,nombre_tarea,descripcion_tarea,codigo_proyecto) VALUES('175','S. Mencos','Conchagua','143');
INSERT INTO tareas(codigo_tarea,nombre_tarea,descripcion_tarea,codigo_proyecto) VALUES('176','O. Carranza','La Paz','188');
INSERT INTO tareas(codigo_tarea,nombre_tarea,descripcion_tarea,codigo_proyecto) VALUES('177','N. Hilario','Atiquizaya','158');
INSERT INTO tareas(codigo_tarea,nombre_tarea,descripcion_tarea,codigo_proyecto) VALUES('178','U. Molina','Yayantique','157');
INSERT INTO tareas(codigo_tarea,nombre_tarea,descripcion_tarea,codigo_proyecto) VALUES('179','S. Avelar','La Libertad','150');
INSERT INTO tareas(codigo_tarea,nombre_tarea,descripcion_tarea,codigo_proyecto) VALUES('180','A. Calderon','Ahuachapan','186');
INSERT INTO tareas(codigo_tarea,nombre_tarea,descripcion_tarea,codigo_proyecto) VALUES('181','X. Alegria','Sociedad','123');
INSERT INTO tareas(codigo_tarea,nombre_tarea,descripcion_tarea,codigo_proyecto) VALUES('182','N. Castro','Nahuizalco','153');
INSERT INTO tareas(codigo_tarea,nombre_tarea,descripcion_tarea,codigo_proyecto) VALUES('183','B. Lozano','Usulutan','129');
INSERT INTO tareas(codigo_tarea,nombre_tarea,descripcion_tarea,codigo_proyecto) VALUES('184','C. Morales','Quelepa','186');
INSERT INTO tareas(codigo_tarea,nombre_tarea,descripcion_tarea,codigo_proyecto) VALUES('185','T. Calderon','El Porvenir','171');
INSERT INTO tareas(codigo_tarea,nombre_tarea,descripcion_tarea,codigo_proyecto) VALUES('186','A. Roscala','San Salvador','164');
INSERT INTO tareas(codigo_tarea,nombre_tarea,descripcion_tarea,codigo_proyecto) VALUES('187','A. Bonilla','La Libertad','104');
INSERT INTO tareas(codigo_tarea,nombre_tarea,descripcion_tarea,codigo_proyecto) VALUES('188','C. Rodriguez','Cinquera','114');
INSERT INTO tareas(codigo_tarea,nombre_tarea,descripcion_tarea,codigo_proyecto) VALUES('189','I. Angel','Jucuaran','128');
INSERT INTO tareas(codigo_tarea,nombre_tarea,descripcion_tarea,codigo_proyecto) VALUES('190','O. Urbina','Morazan','115');
INSERT INTO tareas(codigo_tarea,nombre_tarea,descripcion_tarea,codigo_proyecto) VALUES('191','T. Carranza','Tejutepeque','199');
INSERT INTO tareas(codigo_tarea,nombre_tarea,descripcion_tarea,codigo_proyecto) VALUES('192','G. Avelar','San Isidro','194');
INSERT INTO tareas(codigo_tarea,nombre_tarea,descripcion_tarea,codigo_proyecto) VALUES('193','W. Alvarado','Ahuachapan','119');
INSERT INTO tareas(codigo_tarea,nombre_tarea,descripcion_tarea,codigo_proyecto) VALUES('194','J. Novoa','San Salvador','130');
INSERT INTO tareas(codigo_tarea,nombre_tarea,descripcion_tarea,codigo_proyecto) VALUES('195','Q. Roscala','Cuscatlan','141');
INSERT INTO tareas(codigo_tarea,nombre_tarea,descripcion_tarea,codigo_proyecto) VALUES('196','T. Mart?nez','Armenia','151');
INSERT INTO tareas(codigo_tarea,nombre_tarea,descripcion_tarea,codigo_proyecto) VALUES('197','P. Fernandez','San Juan Opico','168');
INSERT INTO tareas(codigo_tarea,nombre_tarea,descripcion_tarea,codigo_proyecto) VALUES('198','S. Castro','San Cristobal','135');
INSERT INTO tareas(codigo_tarea,nombre_tarea,descripcion_tarea,codigo_proyecto) VALUES('199','U. Mart?nez','San Vicente','154');
INSERT INTO tareas(codigo_tarea,nombre_tarea,descripcion_tarea,codigo_proyecto) VALUES('200','Y. Leon','San Miguel','111');
INSERT INTO tareas(codigo_tarea,nombre_tarea,descripcion_tarea,codigo_proyecto) VALUES('201','U. Carranza','San Salvador','101');
INSERT INTO tareas(codigo_tarea,nombre_tarea,descripcion_tarea,codigo_proyecto) VALUES('202','U. Rivera','Chalatenango','155');
INSERT INTO tareas(codigo_tarea,nombre_tarea,descripcion_tarea,codigo_proyecto) VALUES('203','P. Gamez','Yoloaiquin','163');
INSERT INTO tareas(codigo_tarea,nombre_tarea,descripcion_tarea,codigo_proyecto) VALUES('204','B. Castro','La Paz','198');
INSERT INTO tareas(codigo_tarea,nombre_tarea,descripcion_tarea,codigo_proyecto) VALUES('205','S. Pozos','Dulce Nombre de Maria','143');
INSERT INTO tareas(codigo_tarea,nombre_tarea,descripcion_tarea,codigo_proyecto) VALUES('206','Y. Roscala','San Fernando','115');
INSERT INTO tareas(codigo_tarea,nombre_tarea,descripcion_tarea,codigo_proyecto) VALUES('207','E. Monjaras','La Union','193');
INSERT INTO tareas(codigo_tarea,nombre_tarea,descripcion_tarea,codigo_proyecto) VALUES('208','H. Romero','La Paz','137');
INSERT INTO tareas(codigo_tarea,nombre_tarea,descripcion_tarea,codigo_proyecto) VALUES('209','O. Leon','Santa Ana','118');
INSERT INTO tareas(codigo_tarea,nombre_tarea,descripcion_tarea,codigo_proyecto) VALUES('210','I. Mart?nez','Usulutan','140');
INSERT INTO tareas(codigo_tarea,nombre_tarea,descripcion_tarea,codigo_proyecto) VALUES('211','X. Medrano','Conchagua','169');
INSERT INTO tareas(codigo_tarea,nombre_tarea,descripcion_tarea,codigo_proyecto) VALUES('212','X. Quijada','San Salvador','154');
INSERT INTO tareas(codigo_tarea,nombre_tarea,descripcion_tarea,codigo_proyecto) VALUES('213','R. Leon','Morazan','151');
INSERT INTO tareas(codigo_tarea,nombre_tarea,descripcion_tarea,codigo_proyecto) VALUES('214','G. Alvarenga','Caba?as','155');
INSERT INTO tareas(codigo_tarea,nombre_tarea,descripcion_tarea,codigo_proyecto) VALUES('215','X. Gutierrez','Ahuachapan','117');
INSERT INTO tareas(codigo_tarea,nombre_tarea,descripcion_tarea,codigo_proyecto) VALUES('216','E. Contreras','San Salvador','173');
INSERT INTO tareas(codigo_tarea,nombre_tarea,descripcion_tarea,codigo_proyecto) VALUES('217','F. Alegria','Ahuachapan','168');
INSERT INTO tareas(codigo_tarea,nombre_tarea,descripcion_tarea,codigo_proyecto) VALUES('218','Y. Ortiz','San Salvador','184');
INSERT INTO tareas(codigo_tarea,nombre_tarea,descripcion_tarea,codigo_proyecto) VALUES('219','N. Hilario','Ciudad Arce','160');
INSERT INTO tareas(codigo_tarea,nombre_tarea,descripcion_tarea,codigo_proyecto) VALUES('220','J. Garcia','Ahuachapan','119');
INSERT INTO tareas(codigo_tarea,nombre_tarea,descripcion_tarea,codigo_proyecto) VALUES('221','L. Gomez','Tecoluca','194');
INSERT INTO tareas(codigo_tarea,nombre_tarea,descripcion_tarea,codigo_proyecto) VALUES('222','R. Ortiz','Santa Maria','154');
INSERT INTO tareas(codigo_tarea,nombre_tarea,descripcion_tarea,codigo_proyecto) VALUES('223','Z. Urbina','San Salvador','124');
INSERT INTO tareas(codigo_tarea,nombre_tarea,descripcion_tarea,codigo_proyecto) VALUES('224','R. Mart?nez','San Vicente','118');
INSERT INTO tareas(codigo_tarea,nombre_tarea,descripcion_tarea,codigo_proyecto) VALUES('225','R. Quijada','Gualococti','154');
INSERT INTO tareas(codigo_tarea,nombre_tarea,descripcion_tarea,codigo_proyecto) VALUES('226','R. Escobar','Santa Ana','188');
INSERT INTO tareas(codigo_tarea,nombre_tarea,descripcion_tarea,codigo_proyecto) VALUES('227','N. Beltran','Mejicanos','135');
INSERT INTO tareas(codigo_tarea,nombre_tarea,descripcion_tarea,codigo_proyecto) VALUES('228','K. Uceda','Cuscatlan','194');
INSERT INTO tareas(codigo_tarea,nombre_tarea,descripcion_tarea,codigo_proyecto) VALUES('229','C. Marquez','Caba?as','172');
INSERT INTO tareas(codigo_tarea,nombre_tarea,descripcion_tarea,codigo_proyecto) VALUES('230','E. Quijada','San Rafael Cedros','112');
INSERT INTO tareas(codigo_tarea,nombre_tarea,descripcion_tarea,codigo_proyecto) VALUES('231','K. Cerritos','San Isidro','117');
INSERT INTO tareas(codigo_tarea,nombre_tarea,descripcion_tarea,codigo_proyecto) VALUES('232','U. Reyes','La Union','172');
INSERT INTO tareas(codigo_tarea,nombre_tarea,descripcion_tarea,codigo_proyecto) VALUES('233','Z. Pozos','San Buenaventura','173');
INSERT INTO tareas(codigo_tarea,nombre_tarea,descripcion_tarea,codigo_proyecto) VALUES('234','M. Gonzalez','San Miguel','151');
INSERT INTO tareas(codigo_tarea,nombre_tarea,descripcion_tarea,codigo_proyecto) VALUES('235','W. Hernandez','Chalatenango','194');
INSERT INTO tareas(codigo_tarea,nombre_tarea,descripcion_tarea,codigo_proyecto) VALUES('236','B. Henriquez','Cuscatlan','178');
INSERT INTO tareas(codigo_tarea,nombre_tarea,descripcion_tarea,codigo_proyecto) VALUES('237','P. Romero','Ciudad Barrios','183');
INSERT INTO tareas(codigo_tarea,nombre_tarea,descripcion_tarea,codigo_proyecto) VALUES('238','U. Garcia','Nahuizalco','130');
INSERT INTO tareas(codigo_tarea,nombre_tarea,descripcion_tarea,codigo_proyecto) VALUES('239','E. Carranza','El Congo','193');
INSERT INTO tareas(codigo_tarea,nombre_tarea,descripcion_tarea,codigo_proyecto) VALUES('240','M. Avelar','Morazan','136');
INSERT INTO tareas(codigo_tarea,nombre_tarea,descripcion_tarea,codigo_proyecto) VALUES('241','D. Vega','Mercedes La Ceiba','127');
INSERT INTO tareas(codigo_tarea,nombre_tarea,descripcion_tarea,codigo_proyecto) VALUES('242','J. Valencia','Morazan','173');
INSERT INTO tareas(codigo_tarea,nombre_tarea,descripcion_tarea,codigo_proyecto) VALUES('243','O. Mart?nez','Ereguayquin','138');
INSERT INTO tareas(codigo_tarea,nombre_tarea,descripcion_tarea,codigo_proyecto) VALUES('244','H. Urbina','San Vicente','171');
INSERT INTO tareas(codigo_tarea,nombre_tarea,descripcion_tarea,codigo_proyecto) VALUES('245','X. Gutierrez','Tenancingo','130');
INSERT INTO tareas(codigo_tarea,nombre_tarea,descripcion_tarea,codigo_proyecto) VALUES('246','M. Gutierrez','Cuscatlan','107');
INSERT INTO tareas(codigo_tarea,nombre_tarea,descripcion_tarea,codigo_proyecto) VALUES('247','G. Rivas','La Union','154');
INSERT INTO tareas(codigo_tarea,nombre_tarea,descripcion_tarea,codigo_proyecto) VALUES('248','T. Escobar','Chalatenango','109');
INSERT INTO tareas(codigo_tarea,nombre_tarea,descripcion_tarea,codigo_proyecto) VALUES('249','D. Guerrero','Cuscatlan','116');
INSERT INTO tareas(codigo_tarea,nombre_tarea,descripcion_tarea,codigo_proyecto) VALUES('250','J. Vega','San Pablo Tacachico','155');
INSERT INTO tareas(codigo_tarea,nombre_tarea,descripcion_tarea,codigo_proyecto) VALUES('251','O. Fernandez','Turin','166');
INSERT INTO tareas(codigo_tarea,nombre_tarea,descripcion_tarea,codigo_proyecto) VALUES('252','D. Gonzalez','Chalatenango','174');
INSERT INTO tareas(codigo_tarea,nombre_tarea,descripcion_tarea,codigo_proyecto) VALUES('253','C. Contreras','Sonsonate','110');
INSERT INTO tareas(codigo_tarea,nombre_tarea,descripcion_tarea,codigo_proyecto) VALUES('254','H. Uceda','Usulutan','143');
INSERT INTO tareas(codigo_tarea,nombre_tarea,descripcion_tarea,codigo_proyecto) VALUES('255','S. Cruz','Santa Rita','200');
INSERT INTO tareas(codigo_tarea,nombre_tarea,descripcion_tarea,codigo_proyecto) VALUES('256','Q. Lopez','Usulutan','191');
INSERT INTO tareas(codigo_tarea,nombre_tarea,descripcion_tarea,codigo_proyecto) VALUES('257','Z. Angel','La Libertad','138');
INSERT INTO tareas(codigo_tarea,nombre_tarea,descripcion_tarea,codigo_proyecto) VALUES('258','M. Lopez','San Sebastian Salitrillo','196');
INSERT INTO tareas(codigo_tarea,nombre_tarea,descripcion_tarea,codigo_proyecto) VALUES('259','Y. Rivas','Jocoaitique','179');
INSERT INTO tareas(codigo_tarea,nombre_tarea,descripcion_tarea,codigo_proyecto) VALUES('260','O. Rivas','Concepcion Batres','186');
INSERT INTO tareas(codigo_tarea,nombre_tarea,descripcion_tarea,codigo_proyecto) VALUES('261','C. Contreras','Rosario de Mora','125');
INSERT INTO tareas(codigo_tarea,nombre_tarea,descripcion_tarea,codigo_proyecto) VALUES('262','E. Tobar','Cuscatlan','139');
INSERT INTO tareas(codigo_tarea,nombre_tarea,descripcion_tarea,codigo_proyecto) VALUES('263','M. Gamez','Chalatenango','129');
INSERT INTO tareas(codigo_tarea,nombre_tarea,descripcion_tarea,codigo_proyecto) VALUES('264','C. Orantes','Sonsonate','183');
INSERT INTO tareas(codigo_tarea,nombre_tarea,descripcion_tarea,codigo_proyecto) VALUES('265','R. Trinidad','Jocoro','195');
INSERT INTO tareas(codigo_tarea,nombre_tarea,descripcion_tarea,codigo_proyecto) VALUES('266','Q. Hernandez','Perquin','196');
INSERT INTO tareas(codigo_tarea,nombre_tarea,descripcion_tarea,codigo_proyecto) VALUES('267','Q. Angel','Azacualpa','176');
INSERT INTO tareas(codigo_tarea,nombre_tarea,descripcion_tarea,codigo_proyecto) VALUES('268','O. Cornejo','San Vicente','107');
INSERT INTO tareas(codigo_tarea,nombre_tarea,descripcion_tarea,codigo_proyecto) VALUES('269','Y. Guzman','Gualococti','174');
INSERT INTO tareas(codigo_tarea,nombre_tarea,descripcion_tarea,codigo_proyecto) VALUES('270','E. Garc','San Vicente','194');
INSERT INTO tareas(codigo_tarea,nombre_tarea,descripcion_tarea,codigo_proyecto) VALUES('271','Q. Cerritos','El Paisnal','144');
INSERT INTO tareas(codigo_tarea,nombre_tarea,descripcion_tarea,codigo_proyecto) VALUES('272','E. Pozos','San Agustin','184');
INSERT INTO tareas(codigo_tarea,nombre_tarea,descripcion_tarea,codigo_proyecto) VALUES('273','F. Alas','Santa Ana','187');
INSERT INTO tareas(codigo_tarea,nombre_tarea,descripcion_tarea,codigo_proyecto) VALUES('274','Y. Sorto','San Vicente','156');
INSERT INTO tareas(codigo_tarea,nombre_tarea,descripcion_tarea,codigo_proyecto) VALUES('275','S. Alas','Caba?as','157');
INSERT INTO tareas(codigo_tarea,nombre_tarea,descripcion_tarea,codigo_proyecto) VALUES('276','E. Molina','San Luis del Carmen','138');
INSERT INTO tareas(codigo_tarea,nombre_tarea,descripcion_tarea,codigo_proyecto) VALUES('277','R. Roscala','Oratorio de Concepcion','158');
INSERT INTO tareas(codigo_tarea,nombre_tarea,descripcion_tarea,codigo_proyecto) VALUES('278','F. Duran','Ahuachapan','108');
INSERT INTO tareas(codigo_tarea,nombre_tarea,descripcion_tarea,codigo_proyecto) VALUES('279','C. Perez','Izalco','142');
INSERT INTO tareas(codigo_tarea,nombre_tarea,descripcion_tarea,codigo_proyecto) VALUES('280','V. Sanchez','Tamanique','195');
INSERT INTO tareas(codigo_tarea,nombre_tarea,descripcion_tarea,codigo_proyecto) VALUES('281','P. Echeverria','San Luis del Carmen','113');
INSERT INTO tareas(codigo_tarea,nombre_tarea,descripcion_tarea,codigo_proyecto) VALUES('282','H. Quijada','Usulutan','175');
INSERT INTO tareas(codigo_tarea,nombre_tarea,descripcion_tarea,codigo_proyecto) VALUES('283','C. Ortega','San Vicente','123');
INSERT INTO tareas(codigo_tarea,nombre_tarea,descripcion_tarea,codigo_proyecto) VALUES('284','K. Trinidad','Cinquera','179');
INSERT INTO tareas(codigo_tarea,nombre_tarea,descripcion_tarea,codigo_proyecto) VALUES('285','F. Mart?nez','La Libertad','176');
INSERT INTO tareas(codigo_tarea,nombre_tarea,descripcion_tarea,codigo_proyecto) VALUES('286','K. Ortega','San Vicente','182');
INSERT INTO tareas(codigo_tarea,nombre_tarea,descripcion_tarea,codigo_proyecto) VALUES('287','Y. Alegria','Santa Cruz Analquito','125');
INSERT INTO tareas(codigo_tarea,nombre_tarea,descripcion_tarea,codigo_proyecto) VALUES('288','C. Valencia','Ahuachapan','115');
INSERT INTO tareas(codigo_tarea,nombre_tarea,descripcion_tarea,codigo_proyecto) VALUES('289','U. Reyes','Sensembra','173');
INSERT INTO tareas(codigo_tarea,nombre_tarea,descripcion_tarea,codigo_proyecto) VALUES('290','T. Castro','Jutiapa','154');
INSERT INTO tareas(codigo_tarea,nombre_tarea,descripcion_tarea,codigo_proyecto) VALUES('291','V. Angel','Usulutan','173');
INSERT INTO tareas(codigo_tarea,nombre_tarea,descripcion_tarea,codigo_proyecto) VALUES('292','F. Cornejo','Santa Ana','128');
INSERT INTO tareas(codigo_tarea,nombre_tarea,descripcion_tarea,codigo_proyecto) VALUES('293','P. Guerrero','Acajutla','128');
INSERT INTO tareas(codigo_tarea,nombre_tarea,descripcion_tarea,codigo_proyecto) VALUES('294','R. Martinez','San Salvador','116');
INSERT INTO tareas(codigo_tarea,nombre_tarea,descripcion_tarea,codigo_proyecto) VALUES('295','C. Alegria','Santa Ana','192');
INSERT INTO tareas(codigo_tarea,nombre_tarea,descripcion_tarea,codigo_proyecto) VALUES('296','Y. Vega','San Miguel','144');
INSERT INTO tareas(codigo_tarea,nombre_tarea,descripcion_tarea,codigo_proyecto) VALUES('297','W. Medrano','San Vicente','167');
INSERT INTO tareas(codigo_tarea,nombre_tarea,descripcion_tarea,codigo_proyecto) VALUES('298','I. Aguilar','Suchitoto','192');
INSERT INTO tareas(codigo_tarea,nombre_tarea,descripcion_tarea,codigo_proyecto) VALUES('299','Y. Carrillo','La Libertad','107');

INSERT INTO usuarios(codigo_usuario,nombres_usuario,apellidos_usuario,nacimiento_usuario,password_usuario) VALUES('Titiushko','Tito Javier','Miguel Galdamez','1984-05-06','tito');
INSERT INTO usuarios(codigo_usuario,nombres_usuario,apellidos_usuario,nacimiento_usuario,password_usuario) VALUES('Rosa','Francisco Iliana','Vasquez Roscala','1986-02-10','20394');
INSERT INTO usuarios(codigo_usuario,nombres_usuario,apellidos_usuario,nacimiento_usuario,password_usuario) VALUES('It큦 me, Mario','Willian Romeo','Guzman Contreras','1985-04-10','12011');
INSERT INTO usuarios(codigo_usuario,nombres_usuario,apellidos_usuario,nacimiento_usuario,password_usuario) VALUES('Grissel','Ernesto Johanna','Orellana Pacheco','1985-06-10','1708');
INSERT INTO usuarios(codigo_usuario,nombres_usuario,apellidos_usuario,nacimiento_usuario,password_usuario) VALUES('Evelyn','Jesus Claudia','Mencos Mejia','1984-08-10','D5T 5N3');
INSERT INTO usuarios(codigo_usuario,nombres_usuario,apellidos_usuario,nacimiento_usuario,password_usuario) VALUES('Elizabeth','Carmen Hector','Gomez Rafaelano','1983-10-10','J3W 5O1');
INSERT INTO usuarios(codigo_usuario,nombres_usuario,apellidos_usuario,nacimiento_usuario,password_usuario) VALUES('Edenilson','Miguel Jazmin','Trinidad Castro','1983-12-10','J7R 5S1');
INSERT INTO usuarios(codigo_usuario,nombres_usuario,apellidos_usuario,nacimiento_usuario,password_usuario) VALUES('Xiomara','Johanna Jose','Mendoza Valle','1981-02-01','Q7Z 7Y6');
INSERT INTO usuarios(codigo_usuario,nombres_usuario,apellidos_usuario,nacimiento_usuario,password_usuario) VALUES('Lisbeth','Katya Tony','Brito Gomez','1979-06-01','K6P 7O4');
INSERT INTO usuarios(codigo_usuario,nombres_usuario,apellidos_usuario,nacimiento_usuario,password_usuario) VALUES('Jazmin','Jesus Evelyn','Carranza Rodriguez','1986-07-01','D8V 3B2');
INSERT INTO usuarios(codigo_usuario,nombres_usuario,apellidos_usuario,nacimiento_usuario,password_usuario) VALUES('Daniel','Hilario Ivette','Cruz Angel','1985-09-01','K5G 4I2');
INSERT INTO usuarios(codigo_usuario,nombres_usuario,apellidos_usuario,nacimiento_usuario,password_usuario) VALUES('Yamileth','Jairo Claudia','Sorto Uceda','1985-11-01','36350');
INSERT INTO usuarios(codigo_usuario,nombres_usuario,apellidos_usuario,nacimiento_usuario,password_usuario) VALUES('Alfredo','Sandra Karen','Hernandez Cerritos','1984-01-02','7692');
INSERT INTO usuarios(codigo_usuario,nombres_usuario,apellidos_usuario,nacimiento_usuario,password_usuario) VALUES('Erika','Kevin Garcia','Vega Angel','1984-03-02','76574');
INSERT INTO usuarios(codigo_usuario,nombres_usuario,apellidos_usuario,nacimiento_usuario,password_usuario) VALUES('Yosely','Omar Johanna','Cabrera Hernandez','1983-05-02','F1V 6H8');
INSERT INTO usuarios(codigo_usuario,nombres_usuario,apellidos_usuario,nacimiento_usuario,password_usuario) VALUES('Ivette','Lisandro Roxana','Ponce Diaz','1982-07-02','O6M 9K4');
INSERT INTO usuarios(codigo_usuario,nombres_usuario,apellidos_usuario,nacimiento_usuario,password_usuario) VALUES('Alejandra','Jose Anthony','Bonilla Cerritos','1981-09-02','67826');
INSERT INTO usuarios(codigo_usuario,nombres_usuario,apellidos_usuario,nacimiento_usuario,password_usuario) VALUES('Edwin','Grissel Marvin','Cerritos Mencos','1979-11-02','9677');
INSERT INTO usuarios(codigo_usuario,nombres_usuario,apellidos_usuario,nacimiento_usuario,password_usuario) VALUES('Tatiana','Jenifer Ricardo','Oviedo Portillo','1986-12-02','C5O 4K9');
INSERT INTO usuarios(codigo_usuario,nombres_usuario,apellidos_usuario,nacimiento_usuario,password_usuario) VALUES('Sanchez','Gerardo Cecilia','Oviedo Rodriguez','1985-02-03','C6A 2Q1');
INSERT INTO usuarios(codigo_usuario,nombres_usuario,apellidos_usuario,nacimiento_usuario,password_usuario) VALUES('Guillermo','Isabel Alicia','Sanchez Ayala','1984-06-03','E3C 5L5');
INSERT INTO usuarios(codigo_usuario,nombres_usuario,apellidos_usuario,nacimiento_usuario,password_usuario) VALUES('Isabel','Boris Marta','Romero Reyes','1984-08-03','35230');
INSERT INTO usuarios(codigo_usuario,nombres_usuario,apellidos_usuario,nacimiento_usuario,password_usuario) VALUES('Josue','Garcia Rolando','Garcia Lopez','1983-10-03','S1F 4T4');
INSERT INTO usuarios(codigo_usuario,nombres_usuario,apellidos_usuario,nacimiento_usuario,password_usuario) VALUES('Denis','Yosely Ana','Fernandez Gonzalez','1982-12-03','41340');
INSERT INTO usuarios(codigo_usuario,nombres_usuario,apellidos_usuario,nacimiento_usuario,password_usuario) VALUES('Marlene','Yamileth Yosely','Ortiz Galdamez','1981-02-04','35960');
INSERT INTO usuarios(codigo_usuario,nombres_usuario,apellidos_usuario,nacimiento_usuario,password_usuario) VALUES('Emperatriz','Nestor Douglas','Gamez Cabrera','1979-04-04','27813');
INSERT INTO usuarios(codigo_usuario,nombres_usuario,apellidos_usuario,nacimiento_usuario,password_usuario) VALUES('Nestor','Saul Herbert','Ponce Castro','1985-09-04','X2J 9E7');
INSERT INTO usuarios(codigo_usuario,nombres_usuario,apellidos_usuario,nacimiento_usuario,password_usuario) VALUES('Garcia','Tony Alejandro','Ochoa Lopez','1984-11-04','67847');
INSERT INTO usuarios(codigo_usuario,nombres_usuario,apellidos_usuario,nacimiento_usuario,password_usuario) VALUES('Douglas','Xiomara Jesus','Portillo Ortiz','1983-03-05','Y6A 1Q6');
INSERT INTO usuarios(codigo_usuario,nombres_usuario,apellidos_usuario,nacimiento_usuario,password_usuario) VALUES('Iris','Roxana Marlene','Cornejo Tobar','1982-05-05','70668');
INSERT INTO usuarios(codigo_usuario,nombres_usuario,apellidos_usuario,nacimiento_usuario,password_usuario) VALUES('Jenifer','Jenifer Antonio','Gamez Rafaelano','1979-09-05','77161');
INSERT INTO usuarios(codigo_usuario,nombres_usuario,apellidos_usuario,nacimiento_usuario,password_usuario) VALUES('Edgardo','Maria Hector','Colocho Guerrero','1986-10-05','F4L 1Z7');
INSERT INTO usuarios(codigo_usuario,nombres_usuario,apellidos_usuario,nacimiento_usuario,password_usuario) VALUES('Salvador','Maria Alejandra','Oviedo Rivas','1985-12-05','12817');
INSERT INTO usuarios(codigo_usuario,nombres_usuario,apellidos_usuario,nacimiento_usuario,password_usuario) VALUES('Melissa','Carmen Tatiana','Orellana Duarte','1985-02-06','M2G 1A2');
INSERT INTO usuarios(codigo_usuario,nombres_usuario,apellidos_usuario,nacimiento_usuario,password_usuario) VALUES('Maria','Ingris Garcia','Cabrera Alegria','1984-04-06','O7G 5M2');
INSERT INTO usuarios(codigo_usuario,nombres_usuario,apellidos_usuario,nacimiento_usuario,password_usuario) VALUES('Jacqueline','Miguel Abigail','Portillo Mejia','1982-10-06','18739');
INSERT INTO usuarios(codigo_usuario,nombres_usuario,apellidos_usuario,nacimiento_usuario,password_usuario) VALUES('Kevin','Tony Marvin','Ayala Flores','1981-12-06','88891');
INSERT INTO usuarios(codigo_usuario,nombres_usuario,apellidos_usuario,nacimiento_usuario,password_usuario) VALUES('It큦 me, Mario!','Ivan Claudia','Uceda Galdamez','1986-01-07','H6C 1W4');
INSERT INTO usuarios(codigo_usuario,nombres_usuario,apellidos_usuario,nacimiento_usuario,password_usuario) VALUES('Sandra','Tatiana Garcia','Beltran Guerrero','1985-07-07','81055');
INSERT INTO usuarios(codigo_usuario,nombres_usuario,apellidos_usuario,nacimiento_usuario,password_usuario) VALUES('Ana','Rosa Manuel','Brito Duarte','1984-09-07','I8P 2B4');
INSERT INTO usuarios(codigo_usuario,nombres_usuario,apellidos_usuario,nacimiento_usuario,password_usuario) VALUES('Hector','Christian Xiomara','Castro Lopez','1984-11-07','S6F 5H1');
INSERT INTO usuarios(codigo_usuario,nombres_usuario,apellidos_usuario,nacimiento_usuario,password_usuario) VALUES('Alejandro','Ricardo Roxana','Carranza Orantes','1982-03-08','U5M 2Q6');
INSERT INTO usuarios(codigo_usuario,nombres_usuario,apellidos_usuario,nacimiento_usuario,password_usuario) VALUES('Francisco','Claudia Romeo','Lozano Rivera','1980-07-08','35128');
INSERT INTO usuarios(codigo_usuario,nombres_usuario,apellidos_usuario,nacimiento_usuario,password_usuario) VALUES('Marvin','Abigail Ivette','Gutierrez Carranza','1985-10-08','I1P 2M0');
INSERT INTO usuarios(codigo_usuario,nombres_usuario,apellidos_usuario,nacimiento_usuario,password_usuario) VALUES('Jose','Grissel Daniel','Rafaelano Roscala','1984-02-09','H3L 8M6');
INSERT INTO usuarios(codigo_usuario,nombres_usuario,apellidos_usuario,nacimiento_usuario,password_usuario) VALUES('Manuel','Lisandro Tony','Quijada Novoa','1984-04-09','J1S 6A1');
INSERT INTO usuarios(codigo_usuario,nombres_usuario,apellidos_usuario,nacimiento_usuario,password_usuario) VALUES('Vladimir','Isabel Jimmy','Martinez Ponce','1983-06-09','20127');
INSERT INTO usuarios(codigo_usuario,nombres_usuario,apellidos_usuario,nacimiento_usuario,password_usuario) VALUES('Alexander','Jenifer Rolando','Gutierrez Escobar','1982-08-09','28285');
INSERT INTO usuarios(codigo_usuario,nombres_usuario,apellidos_usuario,nacimiento_usuario,password_usuario) VALUES('Ernesto','Lisbeth Carmen','Duran Henriquez','1981-10-09','36584');
INSERT INTO usuarios(codigo_usuario,nombres_usuario,apellidos_usuario,nacimiento_usuario,password_usuario) VALUES('Boris','Giovanni Oscar','Rivas Rodriguez','1979-12-09','P6L 3Q0');
INSERT INTO usuarios(codigo_usuario,nombres_usuario,apellidos_usuario,nacimiento_usuario,password_usuario) VALUES('Marta','Henry Edenilson','Rafaelano Valencia','1985-03-10','X7D 1K7');
INSERT INTO usuarios(codigo_usuario,nombres_usuario,apellidos_usuario,nacimiento_usuario,password_usuario) VALUES('Karen','Erick Edenilson','Lopez Osorio','1984-07-10','P5S 5F8');
INSERT INTO usuarios(codigo_usuario,nombres_usuario,apellidos_usuario,nacimiento_usuario,password_usuario) VALUES('Claudia','Luis Francisco','Garcia Valencia','1984-09-10','54502');
INSERT INTO usuarios(codigo_usuario,nombres_usuario,apellidos_usuario,nacimiento_usuario,password_usuario) VALUES('Rodolfo','Alicia Alexander','Valle Urbina','1983-11-10','40678');
INSERT INTO usuarios(codigo_usuario,nombres_usuario,apellidos_usuario,nacimiento_usuario,password_usuario) VALUES('Ivonne','Edwin Alfredo','Diaz Vega','1981-03-11','22651');
INSERT INTO usuarios(codigo_usuario,nombres_usuario,apellidos_usuario,nacimiento_usuario,password_usuario) VALUES('Beatriz','Nestor Henry','Rodriguez Rivas','1986-06-11','N3M 2O4');
INSERT INTO usuarios(codigo_usuario,nombres_usuario,apellidos_usuario,nacimiento_usuario,password_usuario) VALUES('Abigail','Henry Ernesto','Medrano Romero','1985-08-11','85011');
INSERT INTO usuarios(codigo_usuario,nombres_usuario,apellidos_usuario,nacimiento_usuario,password_usuario) VALUES('Novoa','Yamileth Gerardo','Carrillo Alegria','1985-10-11','17665');
INSERT INTO usuarios(codigo_usuario,nombres_usuario,apellidos_usuario,nacimiento_usuario,password_usuario) VALUES('Carlos','Josue Marlene','Brito Valencia','1984-12-11','L1M 9V9');
INSERT INTO usuarios(codigo_usuario,nombres_usuario,apellidos_usuario,nacimiento_usuario,password_usuario) VALUES('Herbert','Ernesto Elmer','Escobar Duarte','1982-06-12','Y5U 5E6');
INSERT INTO usuarios(codigo_usuario,nombres_usuario,apellidos_usuario,nacimiento_usuario,password_usuario) VALUES('Anthony','Armando Orellana','Marquez Osorio','1981-08-12','6779');
INSERT INTO usuarios(codigo_usuario,nombres_usuario,apellidos_usuario,nacimiento_usuario,password_usuario) VALUES('Erick','Guadalupe Yamileth','Marquez Alvarenga','1985-03-13','15668');
INSERT INTO usuarios(codigo_usuario,nombres_usuario,apellidos_usuario,nacimiento_usuario,password_usuario) VALUES('Jimmy','Yamileth Jose','Ortiz Contreras','1984-05-13','X8U 5M7');
INSERT INTO usuarios(codigo_usuario,nombres_usuario,apellidos_usuario,nacimiento_usuario,password_usuario) VALUES('Tony','Lisandro Alicia','Valencia Pacheco','1986-04-14','35251');
INSERT INTO usuarios(codigo_usuario,nombres_usuario,apellidos_usuario,nacimiento_usuario,password_usuario) VALUES('Ingris','Willian Ingris','Pena Alvarado','1982-04-15','6631');
INSERT INTO usuarios(codigo_usuario,nombres_usuario,apellidos_usuario,nacimiento_usuario,password_usuario) VALUES('Carmen','Marvin Claudia','Valencia Gamez','1981-06-15','19087');

-- ------------------------------------------------------
--  Ref Constraints for Table proyectos
-- ------------------------------------------------------
ALTER TABLE proyectos ADD CONSTRAINT proyectos_usuarios FOREIGN KEY(responsable_proyecto)
REFERENCES usuarios(codigo_usuario) ON DELETE RESTRICT ON UPDATE RESTRICT;
-- ------------------------------------------------------
--  Ref Constraints for Table responsables
-- ------------------------------------------------------
ALTER TABLE responsables ADD CONSTRAINT responsables_tareas FOREIGN KEY(codigo_tarea)
REFERENCES tareas(codigo_tarea) ON DELETE RESTRICT ON UPDATE RESTRICT;

ALTER TABLE responsables ADD CONSTRAINT responsables_usuarios FOREIGN KEY(codigo_usuario)
REFERENCES usuarios(codigo_usuario) ON DELETE RESTRICT ON UPDATE RESTRICT;
-- ------------------------------------------------------
--  Ref Constraints for Table tareas
-- ------------------------------------------------------
ALTER TABLE tareas ADD CONSTRAINT tareas_proyectos FOREIGN KEY(codigo_proyecto)
REFERENCES proyectos(codigo_proyecto) ON DELETE RESTRICT ON UPDATE RESTRICT;